CoreFX,CoreCLR,Roslyn,Rust,Kubernetes
1.0,2.0,1.0,1.0,25
3.0,17.0,30.0,2.0,2
1.0,2.0,1.0,1.0,38
2.0,1.0,22.0,1.0,2
38.0,1.0,19.0,2.0,22
1.0,4.0,2.0,1.0,9
23.0,8.0,9.0,7.0,2
17.0,5.0,9.0,8.0,1
4.0,5.0,30.0,1.0,6
1.0,6.0,5.0,1.0,1
5.0,1.0,17.0,1.0,29
1.0,11.0,6.0,1.0,178
1.0,10.0,49.0,3.0,2
1.0,1.0,37.0,6.0,189
14.0,1.0,30.0,1.0,2
1.0,104.0,13.0,1.0,278
22.0,46.0,1.0,6.0,1
1.0,2.0,19.0,5.0,1
29.0,2.0,38.0,4.0,22
1.0,2.0,1.0,3.0,17
7.0,20.0,53.0,6.0,1
1.0,82.0,2.0,1.0,1
5.0,6.0,20.0,1.0,24
2.0,1.0,2.0,11.0,1
1.0,2.0,34.0,1.0,17
2.0,5.0,1.0,1.0,1
36.0,1.0,13.0,1.0,48
11.0,36.0,7.0,1.0,6
2.0,9.0,1.0,2.0,2
7.0,1.0,10.0,3.0,2
6.0,2.0,28.0,3.0,1
2.0,1.0,3.0,3.0,1
3.0,2.0,111.0,6.0,10
18.0,7.0,14.0,2.0,2
2.0,12.0,1.0,1.0,1
1.0,1.0,1.0,2.0,1
8.0,1.0,3.0,1.0,9
15.0,10.0,14.0,17.0,1
25.0,1.0,4.0,1.0,1
9.0,3.0,2.0,3.0,1
11.0,5.0,3.0,13.0,14
1.0,2.0,54.0,2.0,114
4.0,2.0,41.0,2.0,1
1.0,3.0,20.0,3.0,2
4.0,38.0,3.0,1.0,16
1.0,5.0,10.0,3.0,1
9.0,4.0,1.0,24.0,3
5.0,91.0,6.0,1.0,1
1.0,51.0,36.0,1.0,1
1.0,1.0,5.0,2.0,2
4.0,3.0,3.0,2.0,90
21.0,1.0,30.0,2.0,114
8.0,3.0,1.0,1.0,1
1.0,24.0,6.0,3.0,1
74.0,8.0,48.0,2.0,146
1.0,41.0,54.0,2.0,277
11.0,1.0,47.0,8.0,2
5.0,7.0,10.0,68.0,1
45.0,4.0,3.0,2.0,8
4.0,7.0,39.0,1.0,56
2.0,1.0,75.0,1.0,26
1.0,6.0,10.0,46.0,8
1.0,12.0,73.0,2.0,9
4.0,14.0,1.0,17.0,46
1.0,1.0,2.0,14.0,3
1.0,1.0,4.0,1.0,17
6.0,2.0,68.0,1.0,4
1.0,1.0,1.0,1.0,71
172.0,2.0,44.0,1.0,5
8.0,1.0,16.0,1.0,2
1.0,14.0,10.0,5.0,1
1.0,3.0,18.0,2.0,1
1.0,2.0,24.0,1.0,1
123.0,1.0,142.0,75.0,5
1.0,3.0,25.0,1.0,1
1.0,2.0,1.0,1.0,4
2.0,3.0,1.0,1.0,5
26.0,3.0,70.0,1.0,1
2.0,3.0,7.0,5.0,5
3.0,2.0,2.0,1.0,1
4.0,1.0,36.0,5.0,7
1.0,2.0,38.0,6.0,2
1.0,1.0,6.0,6.0,2
2.0,2.0,3.0,3.0,1
1.0,2.0,2.0,1.0,4
2.0,1.0,16.0,4.0,1
2.0,14.0,1.0,1.0,75
15.0,6.0,13.0,1.0,1
1.0,1.0,42.0,1.0,7
25.0,84.0,28.0,12.0,6
20.0,40.0,6.0,1.0,6
1.0,3.0,20.0,111.0,1
3.0,1.0,1.0,2.0,1
4.0,1.0,34.0,4.0,8
1.0,2.0,30.0,3.0,4
17.0,4.0,56.0,1.0,41
17.0,1.0,25.0,35.0,3
1.0,1.0,1.0,1.0,1
6.0,3.0,3.0,2.0,230
6.0,9.0,5.0,13.0,1
4.0,27.0,25.0,22.0,188
2.0,3.0,42.0,6.0,1
15.0,4.0,2.0,4.0,3
11.0,1.0,12.0,3.0,1
5.0,1.0,18.0,29.0,3
1.0,5.0,1.0,1.0,169
2.0,1.0,2.0,104.0,1
70.0,1.0,32.0,1.0,206
8.0,16.0,7.0,1.0,5
1.0,1.0,9.0,15.0,1
33.0,1.0,3.0,2.0,9
6.0,32.0,2.0,1.0,46
2.0,7.0,2.0,1.0,92
1.0,1.0,1.0,3.0,48
1.0,1.0,3.0,2.0,17
3.0,1.0,70.0,3.0,1
9.0,1.0,3.0,2.0,8
3.0,1.0,5.0,17.0,63
1.0,2.0,1.0,1.0,1
249.0,2.0,39.0,11.0,1
10.0,1.0,1.0,2.0,32
1.0,4.0,81.0,2.0,3
4.0,1.0,1.0,1.0,2
1.0,16.0,38.0,8.0,1
10.0,2.0,15.0,2.0,1
5.0,3.0,2.0,1.0,7
96.0,7.0,5.0,1.0,65
1.0,2.0,4.0,1.0,1
1.0,2.0,1.0,4.0,18
2.0,6.0,13.0,7.0,2
21.0,14.0,38.0,117.0,1
1.0,14.0,45.0,1.0,6
1.0,8.0,1.0,1.0,1
1.0,1.0,20.0,2.0,2
2.0,1.0,18.0,3.0,1
24.0,5.0,22.0,29.0,8
1.0,3.0,5.0,1.0,17
3.0,11.0,23.0,3.0,6
2.0,1.0,62.0,1.0,1
45.0,5.0,34.0,2.0,7
1.0,1.0,7.0,6.0,2
29.0,144.0,5.0,2.0,1
2.0,58.0,1.0,10.0,27
3.0,1.0,15.0,1.0,2
39.0,1.0,44.0,1.0,12
11.0,1.0,2.0,3.0,5
16.0,1.0,8.0,1.0,6
1.0,1.0,16.0,1.0,1
2.0,11.0,6.0,11.0,1
4.0,2.0,51.0,4.0,79
3.0,16.0,1.0,1.0,1
4.0,25.0,1.0,78.0,26
51.0,11.0,2.0,1.0,1
8.0,1.0,5.0,2.0,22
1.0,2.0,2.0,1.0,1
2.0,16.0,1.0,1.0,3
5.0,1.0,3.0,1.0,1
3.0,3.0,1.0,1.0,24
18.0,35.0,2.0,16.0,1
6.0,1.0,68.0,1.0,157
17.0,10.0,8.0,3.0,1
1.0,19.0,36.0,2.0,4
1.0,4.0,1.0,1.0,6
7.0,3.0,1.0,1.0,46
4.0,1.0,2.0,1.0,2
12.0,1.0,1.0,9.0,1
1.0,2.0,1.0,1.0,1
36.0,1.0,44.0,3.0,163
11.0,1.0,110.0,1.0,62
1.0,2.0,40.0,8.0,10
1.0,7.0,27.0,1.0,3
127.0,3.0,1.0,1.0,32
1.0,2.0,2.0,5.0,86
5.0,8.0,12.0,17.0,13
8.0,18.0,2.0,2.0,2
1.0,4.0,14.0,1.0,2
5.0,4.0,72.0,8.0,57
1.0,4.0,125.0,11.0,9
1.0,12.0,23.0,2.0,53
489.0,1.0,12.0,148.0,2
11.0,1.0,13.0,13.0,5
1.0,2.0,1.0,1.0,1
1.0,9.0,9.0,2.0,1
3.0,4.0,12.0,1.0,1
25.0,53.0,70.0,1.0,2
1.0,49.0,42.0,1.0,2
1.0,78.0,1.0,2.0,260
17.0,11.0,1.0,1.0,204
28.0,1.0,1.0,10.0,22
110.0,1.0,14.0,4.0,2
1.0,15.0,7.0,1.0,4
8.0,1.0,12.0,6.0,1
2.0,3.0,1.0,4.0,20
1.0,7.0,20.0,1.0,169
2.0,21.0,37.0,9.0,1
1.0,4.0,2.0,1.0,302
1.0,1.0,3.0,1.0,5
2.0,7.0,13.0,1.0,20
1.0,2.0,2.0,2.0,97
1.0,1.0,3.0,3.0,181
57.0,1.0,6.0,1.0,67
5.0,233.0,46.0,2.0,6
78.0,66.0,4.0,13.0,2
2.0,1.0,1.0,1.0,19
5.0,18.0,3.0,100.0,71
1.0,2.0,14.0,1.0,6
19.0,2.0,1.0,1.0,32
60.0,1.0,1.0,1.0,1
15.0,3.0,7.0,1.0,2
1.0,1.0,1.0,1.0,1
7.0,1.0,3.0,1.0,1
1.0,3.0,50.0,3.0,2
4.0,1.0,28.0,1.0,4
63.0,41.0,1.0,1.0,2
1.0,21.0,1.0,1.0,12
9.0,2.0,1.0,1.0,9
5.0,25.0,1.0,1.0,2
30.0,36.0,1.0,23.0,25
11.0,1.0,1.0,3.0,105
16.0,3.0,33.0,2.0,2
1.0,13.0,1.0,1.0,7
10.0,1.0,115.0,1.0,2
3.0,1.0,4.0,2.0,4
5.0,7.0,56.0,3.0,1
1.0,45.0,1.0,6.0,2
1.0,1.0,5.0,1.0,7
3.0,8.0,9.0,2.0,21
44.0,3.0,2.0,1.0,4
6.0,19.0,3.0,6.0,2
1.0,1.0,42.0,1.0,23
2.0,2.0,86.0,9.0,4
1.0,36.0,9.0,1.0,1
3.0,1.0,6.0,3.0,13
2.0,50.0,22.0,1.0,1
120.0,38.0,1.0,10.0,1
1.0,3.0,7.0,4.0,1
5.0,7.0,12.0,16.0,13
30.0,1.0,64.0,2.0,1
1.0,1.0,60.0,1.0,9
2.0,1.0,8.0,4.0,15
1.0,1.0,7.0,1.0,15
2.0,1.0,59.0,1.0,1
10.0,7.0,1.0,1.0,1
5.0,2.0,14.0,1.0,1
5.0,1.0,49.0,1.0,37
1.0,1.0,2.0,30.0,1
482.0,1.0,3.0,12.0,3
1.0,1.0,3.0,2.0,28
5.0,11.0,17.0,2.0,1
1.0,3.0,3.0,1.0,1
1.0,14.0,1.0,38.0,77
1.0,70.0,4.0,16.0,5
1.0,9.0,48.0,2.0,42
4.0,1.0,2.0,157.0,6
35.0,8.0,13.0,55.0,13
1.0,2.0,4.0,2.0,1
1.0,6.0,6.0,2.0,1
18.0,81.0,1.0,1.0,1
29.0,35.0,10.0,3.0,2
112.0,1.0,53.0,1.0,162
1.0,80.0,2.0,2.0,1
2.0,1.0,15.0,2.0,58
1.0,4.0,1.0,10.0,4
5.0,1.0,1.0,2.0,34
3.0,4.0,1.0,3.0,5
5.0,12.0,1.0,3.0,1
1.0,3.0,1.0,2.0,20
1.0,6.0,52.0,7.0,1
1.0,3.0,1.0,2.0,1
4.0,1.0,10.0,8.0,1
1.0,2.0,83.0,1.0,1
1.0,9.0,1.0,1.0,196
1.0,8.0,47.0,1.0,15
4.0,5.0,1.0,10.0,1
8.0,46.0,10.0,4.0,42
5.0,2.0,1.0,14.0,16
21.0,2.0,1.0,3.0,131
2.0,7.0,95.0,4.0,114
1.0,2.0,131.0,6.0,1
77.0,3.0,7.0,3.0,1
3.0,4.0,12.0,1.0,1
31.0,248.0,16.0,1.0,2
12.0,111.0,23.0,2.0,26
88.0,38.0,100.0,69.0,188
45.0,1.0,64.0,1.0,66
2.0,1.0,4.0,1.0,75
2.0,2.0,13.0,1.0,4
36.0,2.0,76.0,1.0,1
6.0,1.0,1.0,6.0,50
4.0,1.0,7.0,8.0,1
16.0,2.0,60.0,4.0,116
2.0,3.0,1.0,1.0,21
1.0,3.0,15.0,2.0,2
104.0,1.0,1.0,4.0,36
3.0,8.0,3.0,1.0,19
2.0,1.0,9.0,1.0,18
1.0,48.0,2.0,3.0,1
47.0,2.0,65.0,1.0,4
8.0,2.0,1.0,2.0,1
6.0,9.0,7.0,4.0,14
42.0,7.0,1.0,1.0,4
5.0,1.0,2.0,1.0,1
3.0,1.0,7.0,1.0,1
19.0,1.0,1.0,1.0,1
9.0,14.0,1.0,1.0,2
11.0,2.0,6.0,12.0,261
4.0,16.0,1.0,29.0,238
23.0,2.0,19.0,3.0,1
17.0,17.0,38.0,2.0,61
4.0,28.0,10.0,1.0,2
1.0,1.0,9.0,9.0,8
1.0,1.0,1.0,1.0,1
43.0,1.0,1.0,15.0,17
12.0,7.0,1.0,1.0,164
1.0,10.0,1.0,1.0,1
1.0,1.0,59.0,1.0,4
1.0,1.0,3.0,1.0,6
6.0,51.0,149.0,2.0,2
1.0,32.0,1.0,30.0,220
6.0,9.0,1.0,23.0,15
40.0,58.0,2.0,1.0,2
1.0,1.0,29.0,7.0,1
1.0,2.0,5.0,3.0,34
9.0,15.0,94.0,1.0,124
20.0,8.0,130.0,1.0,119
1.0,50.0,1.0,1.0,83
2.0,62.0,1.0,100.0,2
2.0,19.0,26.0,5.0,1
1.0,2.0,1.0,2.0,19
28.0,6.0,48.0,632.0,1
16.0,1.0,4.0,50.0,26
11.0,2.0,1.0,1.0,91
3.0,1.0,17.0,5.0,1
1.0,1.0,1.0,2.0,13
2.0,1.0,123.0,3.0,1
632.0,1.0,126.0,1.0,1
1.0,1.0,2.0,10.0,4
1.0,1.0,5.0,3.0,1
24.0,7.0,50.0,63.0,8
4.0,4.0,66.0,1.0,2
3.0,1.0,1.0,1.0,40
2.0,1.0,14.0,1.0,42
1.0,3.0,177.0,1.0,9
8.0,1.0,1.0,6.0,3
1.0,4.0,24.0,14.0,49
1.0,1.0,2.0,1.0,82
14.0,1.0,1.0,1.0,1
1.0,1.0,1.0,41.0,38
1.0,2.0,1.0,1.0,4
1.0,22.0,12.0,35.0,1
7.0,19.0,1.0,11.0,1
2.0,3.0,4.0,1.0,1
14.0,29.0,59.0,2.0,34
55.0,37.0,4.0,1.0,3
158.0,2.0,1.0,158.0,21
3.0,3.0,2.0,4.0,190
3.0,6.0,2.0,3.0,18
2.0,1.0,1.0,1.0,7
3.0,1.0,6.0,3.0,1
2.0,66.0,2.0,3.0,16
1.0,2.0,1.0,1.0,3
1.0,49.0,14.0,3.0,8
1.0,84.0,17.0,2.0,21
1.0,2.0,23.0,2.0,5
1.0,8.0,3.0,1.0,36
3.0,2.0,11.0,3.0,1
16.0,4.0,1.0,2.0,17
4.0,7.0,1.0,7.0,1
25.0,5.0,1.0,3.0,1
10.0,2.0,1.0,2.0,2
1.0,2.0,1.0,46.0,16
70.0,2.0,1.0,2.0,1
7.0,1.0,2.0,4.0,32
2.0,3.0,2.0,1.0,1
1.0,10.0,1.0,2.0,110
34.0,1.0,1.0,1.0,2
4.0,1.0,3.0,26.0,7
46.0,21.0,1.0,116.0,72
67.0,1.0,56.0,2.0,2
1.0,1.0,4.0,7.0,55
2.0,1.0,149.0,2.0,3
13.0,10.0,1.0,6.0,1
38.0,5.0,1.0,4.0,39
14.0,165.0,5.0,1.0,1
14.0,46.0,22.0,2.0,5
1.0,1.0,1.0,4.0,2
110.0,13.0,2.0,3.0,14
2.0,1.0,3.0,16.0,89
6.0,2.0,106.0,18.0,4
17.0,1.0,174.0,3.0,5
8.0,5.0,1.0,140.0,41
26.0,7.0,1.0,28.0,4
2.0,1.0,3.0,1.0,7
40.0,4.0,38.0,7.0,5
14.0,4.0,18.0,10.0,12
1.0,3.0,6.0,3.0,4
5.0,18.0,4.0,2.0,6
2.0,7.0,31.0,1.0,2
1.0,1.0,1.0,1.0,293
2.0,1.0,114.0,4.0,26
17.0,4.0,159.0,3.0,1
7.0,4.0,1.0,1.0,37
1.0,4.0,11.0,42.0,4
6.0,1.0,1.0,4.0,80
46.0,7.0,25.0,1.0,107
10.0,1.0,120.0,629.0,1
4.0,10.0,1.0,48.0,1
2.0,14.0,9.0,19.0,1
1.0,2.0,207.0,4.0,1
1.0,1.0,1.0,2.0,9
2.0,6.0,2.0,29.0,7
15.0,2.0,34.0,2.0,10
1.0,57.0,1.0,57.0,23
2.0,10.0,1.0,2.0,69
1.0,6.0,4.0,1.0,110
2.0,2.0,1.0,1.0,1
3.0,27.0,9.0,2.0,1
2.0,6.0,1.0,9.0,54
1.0,1.0,1.0,1.0,1
14.0,14.0,71.0,1.0,117
10.0,37.0,3.0,1.0,1
10.0,2.0,6.0,2.0,1
1.0,28.0,1.0,29.0,10
1.0,2.0,2.0,2.0,1
461.0,4.0,35.0,59.0,1
5.0,5.0,17.0,2.0,38
45.0,1.0,18.0,1.0,2
4.0,1.0,1.0,1.0,5
1.0,1.0,33.0,1.0,11
1.0,2.0,18.0,1.0,1
1.0,1.0,11.0,1.0,34
2.0,1.0,8.0,65.0,3
1.0,1.0,1.0,5.0,1
1.0,3.0,1.0,1.0,2
8.0,1.0,1.0,3.0,185
2.0,1.0,2.0,4.0,220
4.0,1.0,1.0,1.0,1
1.0,1.0,1.0,1.0,85
1.0,2.0,1.0,1.0,1
1.0,1.0,1.0,3.0,3
1.0,36.0,1.0,1.0,3
1.0,12.0,4.0,3.0,1
2.0,3.0,47.0,10.0,1
1.0,23.0,6.0,44.0,4
1.0,13.0,148.0,1.0,108
1.0,1.0,3.0,4.0,5
31.0,1.0,3.0,1.0,9
105.0,17.0,40.0,8.0,1
2.0,6.0,2.0,1.0,214
1.0,1.0,1.0,3.0,2
5.0,1.0,2.0,1.0,14
1.0,2.0,1.0,26.0,1
2.0,1.0,105.0,74.0,1
3.0,1.0,188.0,7.0,52
11.0,44.0,1.0,1.0,119
3.0,58.0,6.0,2.0,104
3.0,69.0,38.0,11.0,77
1.0,1.0,11.0,3.0,2
5.0,1.0,17.0,7.0,1
1.0,4.0,8.0,1.0,1
3.0,21.0,40.0,2.0,27
25.0,2.0,1.0,1.0,20
36.0,4.0,5.0,1.0,49
1.0,1.0,151.0,1.0,2
51.0,2.0,165.0,1.0,5
1.0,3.0,33.0,8.0,18
5.0,2.0,1.0,12.0,1
1.0,5.0,17.0,2.0,1
1.0,14.0,124.0,266.0,1
1.0,1.0,2.0,6.0,9
18.0,1.0,2.0,27.0,1
1.0,23.0,205.0,1.0,1
28.0,1.0,2.0,8.0,3
39.0,1.0,25.0,1.0,43
6.0,3.0,1.0,1.0,5
1.0,1.0,3.0,4.0,41
1.0,7.0,2.0,1.0,2
1.0,2.0,1.0,7.0,29
1.0,3.0,6.0,1.0,1
25.0,215.0,58.0,1.0,4
16.0,134.0,2.0,1.0,107
1.0,6.0,1.0,1.0,62
4.0,4.0,9.0,1.0,2
22.0,1.0,12.0,21.0,26
2.0,1.0,2.0,477.0,3
5.0,2.0,36.0,72.0,1
100.0,3.0,139.0,5.0,4
7.0,18.0,14.0,2.0,10
2.0,8.0,6.0,19.0,68
2.0,1.0,1.0,21.0,5
6.0,9.0,16.0,1.0,14
48.0,2.0,22.0,6.0,455
3.0,1.0,14.0,39.0,16
27.0,3.0,12.0,69.0,4
3.0,1.0,1.0,1.0,1
7.0,4.0,1.0,1.0,1
2.0,2.0,7.0,1.0,4
1.0,1.0,1.0,2.0,30
14.0,4.0,1.0,1.0,1
6.0,3.0,1.0,53.0,9
9.0,16.0,1.0,22.0,2
12.0,12.0,1.0,30.0,1
8.0,1.0,1.0,2.0,16
2.0,2.0,1.0,4.0,9
2.0,6.0,1.0,1.0,12
6.0,2.0,1.0,34.0,38
1.0,84.0,55.0,3.0,16
1.0,1.0,2.0,3.0,1
1.0,7.0,90.0,1.0,1
1.0,4.0,1.0,2.0,1
8.0,10.0,3.0,1.0,1
2.0,1.0,52.0,2.0,1
1.0,1.0,16.0,4.0,1
1.0,2.0,2.0,61.0,1
2.0,5.0,2.0,1.0,35
3.0,40.0,8.0,1.0,1
5.0,34.0,1.0,3.0,49
1.0,1.0,133.0,2.0,3
1.0,3.0,1.0,2.0,1
13.0,1.0,167.0,1.0,69
1.0,14.0,1.0,37.0,61
398.0,1.0,34.0,44.0,1
9.0,1.0,20.0,3.0,1
1.0,3.0,26.0,5.0,2
4.0,3.0,7.0,2.0,37
1.0,1.0,38.0,3.0,6
1.0,20.0,11.0,1.0,5
1.0,2.0,145.0,1.0,5
1.0,7.0,94.0,2.0,60
1.0,1.0,40.0,1.0,11
8.0,15.0,1.0,6.0,1
1.0,23.0,8.0,27.0,24
1.0,6.0,102.0,2.0,2
1.0,4.0,1.0,211.0,1
1.0,1.0,117.0,2.0,11
1.0,2.0,1.0,12.0,1
1.0,1.0,55.0,15.0,1
1.0,30.0,5.0,1.0,4
1.0,6.0,1.0,2.0,3
1.0,1.0,1.0,7.0,1
1.0,5.0,9.0,3.0,2
1.0,69.0,48.0,3.0,61
45.0,93.0,3.0,15.0,1
129.0,46.0,7.0,1.0,1
2.0,1.0,43.0,395.0,143
2.0,1.0,1.0,23.0,36
4.0,1.0,119.0,6.0,1
1.0,11.0,1.0,1.0,7
1.0,26.0,2.0,2.0,1
52.0,4.0,1.0,1.0,16
4.0,2.0,2.0,37.0,1
2.0,4.0,11.0,2.0,8
2.0,5.0,21.0,20.0,48
1.0,9.0,4.0,3.0,93
1.0,2.0,15.0,25.0,2
1.0,2.0,1.0,70.0,1
18.0,4.0,1.0,2.0,1
7.0,4.0,3.0,1.0,1
9.0,5.0,2.0,1.0,2
1.0,2.0,2.0,2.0,1
35.0,42.0,1.0,1.0,1
104.0,1.0,1.0,4.0,20
2.0,4.0,1.0,33.0,27
55.0,1.0,1.0,6.0,18
7.0,4.0,1.0,36.0,1
9.0,3.0,38.0,3.0,56
1.0,1.0,1.0,3.0,227
53.0,2.0,102.0,15.0,9
71.0,301.0,6.0,8.0,1
14.0,184.0,3.0,1.0,69
1.0,1.0,36.0,1.0,1
7.0,20.0,1.0,2.0,64
5.0,3.0,12.0,1.0,8
97.0,1.0,1.0,1.0,1
38.0,10.0,1.0,12.0,11
2.0,3.0,124.0,49.0,4
12.0,2.0,3.0,4.0,1
61.0,33.0,140.0,1.0,18
5.0,7.0,1.0,1.0,11
2.0,3.0,14.0,52.0,1
1.0,2.0,12.0,59.0,2
84.0,10.0,2.0,5.0,1
10.0,3.0,28.0,3.0,30
2.0,1.0,6.0,1.0,2
72.0,1.0,35.0,3.0,1
55.0,1.0,9.0,3.0,7
2.0,23.0,114.0,23.0,2
2.0,3.0,112.0,33.0,2
80.0,15.0,45.0,1.0,262
27.0,3.0,7.0,206.0,1
3.0,1.0,91.0,2.0,1
6.0,2.0,1.0,10.0,159
13.0,23.0,52.0,2.0,1
4.0,5.0,3.0,1.0,3
1.0,1.0,7.0,3.0,1
15.0,1.0,57.0,2.0,1
5.0,3.0,6.0,1.0,40
4.0,107.0,3.0,4.0,1
7.0,1.0,3.0,7.0,1
7.0,1.0,1.0,1.0,1
1.0,1.0,6.0,1.0,9
1.0,7.0,44.0,1.0,115
4.0,4.0,1.0,35.0,2
1.0,1.0,12.0,1.0,5
3.0,32.0,1.0,1.0,189
1.0,3.0,9.0,400.0,2
2.0,2.0,1.0,18.0,8
1.0,5.0,1.0,8.0,3
3.0,11.0,111.0,1.0,1
1.0,6.0,1.0,24.0,36
3.0,37.0,14.0,19.0,8
3.0,53.0,3.0,1.0,96
3.0,6.0,1.0,8.0,95
1.0,2.0,4.0,35.0,66
1.0,13.0,30.0,79.0,1
1.0,1.0,4.0,1.0,1
2.0,2.0,4.0,3.0,8
6.0,2.0,1.0,1.0,1
1.0,1.0,1.0,36.0,1
3.0,1.0,1.0,2.0,5
1.0,1.0,1.0,19.0,27
9.0,4.0,1.0,2.0,38
2.0,1.0,1.0,8.0,1
1.0,1.0,2.0,2.0,2
636.0,1.0,1.0,4.0,4
12.0,1.0,1.0,2.0,18
19.0,1.0,1.0,2.0,2
1.0,1.0,1.0,3.0,1
1.0,4.0,1.0,4.0,3
1.0,1.0,32.0,5.0,1
1.0,16.0,65.0,1.0,10
2.0,11.0,1.0,1.0,2
1.0,1.0,104.0,1.0,1
1.0,17.0,8.0,1.0,1
1.0,26.0,2.0,1.0,1
2.0,1.0,2.0,2.0,64
1.0,1.0,115.0,35.0,3
1.0,2.0,1.0,1.0,21
1.0,18.0,2.0,1.0,1
1.0,2.0,3.0,10.0,2
1.0,4.0,93.0,6.0,28
1.0,2.0,4.0,42.0,1
1.0,15.0,1.0,94.0,6
2.0,69.0,150.0,1.0,130
1.0,152.0,1.0,7.0,15
51.0,95.0,12.0,10.0,1
160.0,8.0,1.0,6.0,3
1.0,1.0,20.0,1.0,1
12.0,12.0,56.0,1.0,3
2.0,45.0,1.0,10.0,10
7.0,2.0,54.0,4.0,58
2.0,3.0,9.0,12.0,1
16.0,5.0,118.0,36.0,10
1.0,3.0,165.0,2.0,35
3.0,7.0,70.0,246.0,387
1.0,1.0,7.0,2.0,4
1.0,1.0,137.0,14.0,5
1.0,6.0,1.0,1.0,1
1.0,4.0,1.0,1.0,6
1.0,1.0,41.0,1.0,21
5.0,1.0,1.0,2.0,20
1.0,53.0,57.0,9.0,1
2.0,3.0,5.0,1.0,11
35.0,5.0,4.0,2.0,23
1.0,1.0,1.0,9.0,6
2.0,1.0,1.0,1.0,2
15.0,16.0,1.0,21.0,1
7.0,6.0,3.0,1.0,25
116.0,2.0,65.0,332.0,1
5.0,236.0,5.0,1.0,28
1.0,117.0,7.0,1.0,26
25.0,2.0,7.0,1.0,1
13.0,14.0,1.0,1.0,1
1.0,5.0,1.0,1.0,5
2.0,1.0,1.0,1.0,2
3.0,5.0,2.0,17.0,1
69.0,18.0,141.0,1.0,57
78.0,1.0,1.0,24.0,1
1.0,15.0,33.0,8.0,1
1.0,1.0,18.0,17.0,59
2.0,4.0,1.0,60.0,1
26.0,1.0,4.0,1.0,5
4.0,9.0,20.0,2.0,1
32.0,1.0,28.0,1.0,42
1.0,3.0,1.0,1.0,35
5.0,2.0,1.0,1.0,3
25.0,1.0,1.0,50.0,19
4.0,27.0,1.0,1.0,51
32.0,4.0,3.0,1.0,4
1.0,5.0,1.0,20.0,1
1.0,1.0,1.0,7.0,4
7.0,6.0,1.0,74.0,50
61.0,3.0,1.0,4.0,9
3.0,14.0,1.0,7.0,12
2.0,7.0,1.0,16.0,36
31.0,1.0,1.0,1.0,5
24.0,6.0,1.0,3.0,2
1.0,6.0,1.0,8.0,15
2.0,109.0,1.0,5.0,3
44.0,3.0,82.0,1.0,1
44.0,1.0,1.0,2.0,2
3.0,3.0,112.0,1.0,2
1.0,5.0,1.0,4.0,63
23.0,3.0,4.0,46.0,3
37.0,1.0,1.0,1.0,1
3.0,42.0,65.0,1.0,1
11.0,4.0,1.0,15.0,111
7.0,7.0,27.0,3.0,35
8.0,8.0,3.0,1.0,1
12.0,2.0,110.0,53.0,5
1.0,4.0,3.0,74.0,1
18.0,5.0,184.0,5.0,57
1.0,42.0,3.0,5.0,1
2.0,14.0,17.0,1.0,12
1.0,3.0,1.0,2.0,93
4.0,2.0,303.0,8.0,4
16.0,13.0,34.0,1.0,1
1.0,1.0,143.0,3.0,1
3.0,1.0,1.0,1.0,1
1.0,1.0,67.0,5.0,7
2.0,1.0,16.0,13.0,1
7.0,1.0,147.0,41.0,1
1.0,1.0,179.0,1.0,1
1.0,1.0,42.0,194.0,1
3.0,1.0,1.0,1.0,1
1.0,3.0,15.0,15.0,34
3.0,1.0,166.0,3.0,1
1.0,4.0,1.0,1.0,22
14.0,2.0,1.0,1.0,89
1.0,10.0,24.0,1.0,147
1.0,1.0,1.0,1.0,11
2.0,1.0,2.0,12.0,67
1.0,1.0,1.0,1.0,1
1.0,3.0,115.0,1.0,52
1.0,25.0,8.0,1.0,6
16.0,27.0,53.0,2.0,4
29.0,3.0,5.0,1.0,4
1.0,13.0,4.0,1.0,1
8.0,14.0,9.0,1.0,5
1.0,3.0,4.0,7.0,6
5.0,2.0,3.0,1.0,1
1.0,1.0,1.0,12.0,38
570.0,32.0,164.0,1.0,4
10.0,1.0,1.0,2.0,17
3.0,10.0,65.0,1.0,1
46.0,21.0,41.0,2.0,1
1.0,68.0,21.0,1.0,30
1.0,179.0,31.0,343.0,5
1.0,113.0,8.0,1.0,1
1.0,3.0,1.0,1.0,1
4.0,3.0,1.0,38.0,1
1.0,1.0,1.0,1.0,6
2.0,1.0,1.0,4.0,8
1.0,16.0,2.0,19.0,1
1.0,20.0,1.0,2.0,68
1.0,17.0,1.0,1.0,2
1.0,1.0,1.0,2.0,1
1.0,1.0,1.0,12.0,9
2.0,6.0,13.0,52.0,54
1.0,2.0,3.0,3.0,1
1.0,8.0,32.0,23.0,3
1.0,2.0,2.0,1.0,1
1.0,1.0,1.0,2.0,60
1.0,1.0,1.0,1.0,1
1.0,1.0,28.0,1.0,1
10.0,4.0,1.0,93.0,1
1.0,6.0,7.0,4.0,2
1.0,9.0,2.0,1.0,1
2.0,14.0,80.0,1.0,6
56.0,6.0,2.0,5.0,130
200.0,1.0,1.0,1.0,182
2.0,1.0,1.0,106.0,4
4.0,1.0,112.0,1.0,1
6.0,2.0,1.0,1.0,10
2.0,171.0,63.0,8.0,2
6.0,69.0,178.0,1.0,2
3.0,28.0,7.0,24.0,60
5.0,9.0,90.0,2.0,4
6.0,1.0,2.0,6.0,10
4.0,1.0,48.0,157.0,66
1.0,15.0,16.0,3.0,80
1.0,2.0,115.0,1.0,70
3.0,26.0,105.0,1.0,1
1.0,8.0,27.0,1.0,1
3.0,1.0,1.0,4.0,1
1.0,7.0,5.0,2.0,1
1.0,3.0,7.0,1.0,38
7.0,1.0,117.0,1.0,1
1.0,1.0,2.0,18.0,1
10.0,13.0,1.0,8.0,2
17.0,14.0,10.0,1.0,5
41.0,1.0,3.0,14.0,22
2.0,3.0,1.0,1.0,23
362.0,20.0,47.0,2.0,46
5.0,15.0,6.0,55.0,35
96.0,1.0,1.0,1.0,1
1.0,4.0,23.0,72.0,7
9.0,1.0,1.0,11.0,7
5.0,5.0,4.0,1.0,2
1.0,68.0,4.0,2.0,1
5.0,1.0,93.0,3.0,19
8.0,1.0,1.0,8.0,2
45.0,2.0,24.0,3.0,21
87.0,2.0,2.0,1.0,1
1.0,1.0,1.0,1.0,1
18.0,1.0,20.0,8.0,1
16.0,22.0,1.0,3.0,3
1.0,3.0,3.0,37.0,16
11.0,2.0,1.0,1.0,1
44.0,16.0,23.0,1.0,6
52.0,11.0,4.0,1.0,1
4.0,6.0,1.0,202.0,4
43.0,1.0,1.0,1.0,45
11.0,53.0,1.0,19.0,9
1.0,12.0,1.0,4.0,76
1.0,2.0,1.0,1.0,24
70.0,2.0,2.0,9.0,1
39.0,22.0,1.0,1.0,4
1.0,1.0,1.0,1.0,12
1.0,2.0,1.0,1.0,7
29.0,1.0,1.0,11.0,1
3.0,1.0,1.0,1.0,1
70.0,1.0,1.0,1.0,1
1.0,1.0,6.0,2.0,5
2.0,1.0,2.0,1.0,3
1.0,1.0,48.0,3.0,4
17.0,1.0,11.0,11.0,1
13.0,1.0,2.0,2.0,43
43.0,1.0,2.0,1.0,1
9.0,1.0,3.0,1.0,17
26.0,3.0,1.0,1.0,22
5.0,1.0,37.0,1.0,92
37.0,2.0,1.0,11.0,3
5.0,1.0,70.0,1.0,1
1.0,31.0,1.0,1.0,18
8.0,25.0,1.0,1.0,18
2.0,1.0,5.0,1.0,1
17.0,12.0,168.0,362.0,21
2.0,8.0,3.0,1.0,1
1.0,1.0,15.0,3.0,11
1.0,29.0,161.0,2.0,18
28.0,1.0,9.0,2.0,2
5.0,8.0,67.0,7.0,2
1.0,14.0,30.0,1.0,14
1.0,75.0,47.0,23.0,40
9.0,146.0,8.0,3.0,5
1.0,112.0,153.0,1.0,1
1.0,3.0,124.0,40.0,8
2.0,19.0,34.0,79.0,2
2.0,1.0,1.0,1.0,4
1.0,6.0,23.0,1.0,5
2.0,1.0,1.0,2.0,51
1.0,7.0,11.0,67.0,71
1.0,1.0,94.0,1.0,1
6.0,12.0,1.0,1.0,2
5.0,8.0,17.0,111.0,15
120.0,6.0,55.0,2.0,3
32.0,1.0,9.0,2.0,1
13.0,8.0,1.0,2.0,1
49.0,4.0,31.0,11.0,68
1.0,1.0,6.0,3.0,1
1.0,4.0,3.0,62.0,1
845.0,1.0,2.0,1.0,52
11.0,4.0,7.0,3.0,6
1.0,1.0,2.0,1.0,32
27.0,1.0,114.0,1.0,37
11.0,159.0,1.0,43.0,4
4.0,37.0,3.0,1.0,6
2.0,3.0,32.0,2.0,1
1.0,37.0,1.0,1.0,1
7.0,3.0,3.0,2.0,2
11.0,6.0,1.0,17.0,44
1.0,11.0,20.0,1.0,4
1.0,4.0,7.0,14.0,2
5.0,5.0,2.0,3.0,18
1.0,7.0,1.0,2.0,4
4.0,11.0,2.0,5.0,2
1.0,6.0,1.0,1.0,43
1.0,7.0,1.0,1.0,2
10.0,1.0,2.0,4.0,1
40.0,1.0,4.0,1.0,8
10.0,1.0,1.0,9.0,3
21.0,5.0,1.0,2.0,1
1.0,2.0,1.0,3.0,1
202.0,1.0,1.0,1.0,1
4.0,3.0,1.0,19.0,1
3.0,10.0,58.0,2.0,3
6.0,1.0,4.0,60.0,53
2.0,19.0,7.0,79.0,4
4.0,9.0,5.0,11.0,6
1.0,2.0,3.0,8.0,2
2.0,8.0,13.0,3.0,86
2.0,1.0,30.0,1.0,28
1.0,1.0,3.0,5.0,1
3.0,2.0,113.0,2.0,20
5.0,1.0,1.0,1.0,1
1.0,7.0,1.0,1.0,38
2.0,15.0,11.0,9.0,6
1.0,1.0,169.0,6.0,1
2.0,1.0,3.0,1.0,1
12.0,5.0,2.0,5.0,2
22.0,17.0,31.0,29.0,3
183.0,8.0,437.0,1.0,47
1.0,1.0,1.0,1.0,10
61.0,44.0,1.0,90.0,95
16.0,12.0,77.0,3.0,1
11.0,2.0,58.0,27.0,3
1.0,1.0,46.0,1.0,1
2.0,6.0,19.0,1.0,1
1.0,8.0,225.0,3.0,1
3.0,1.0,160.0,1.0,2
54.0,1.0,20.0,8.0,1
35.0,1.0,1.0,1.0,1
1.0,1.0,59.0,1.0,1
1.0,1.0,10.0,1.0,1
5.0,1.0,128.0,1.0,5
34.0,1.0,1.0,1.0,1
5.0,1.0,1.0,1.0,2
15.0,7.0,9.0,1.0,1
1.0,6.0,1.0,26.0,3
30.0,4.0,85.0,3.0,1
1.0,3.0,1.0,1.0,1
4.0,4.0,1.0,39.0,2
26.0,40.0,8.0,2.0,1
5.0,8.0,1.0,1.0,1
1.0,8.0,34.0,375.0,1
2.0,10.0,7.0,2.0,1
37.0,6.0,8.0,5.0,1
27.0,29.0,3.0,1.0,1
1.0,1.0,43.0,14.0,1
1.0,41.0,2.0,5.0,26
30.0,4.0,148.0,33.0,1
1.0,4.0,2.0,3.0,2
48.0,19.0,3.0,2.0,2
1.0,11.0,15.0,4.0,27
16.0,47.0,3.0,16.0,93
13.0,121.0,3.0,1.0,252
11.0,137.0,1.0,93.0,25
2.0,3.0,45.0,1.0,65
7.0,1.0,8.0,1.0,25
21.0,51.0,1.0,1.0,2
1.0,3.0,2.0,2.0,5
8.0,3.0,1.0,3.0,2
3.0,5.0,1.0,1.0,1
1.0,1.0,1.0,81.0,1
8.0,3.0,1.0,1.0,1
1.0,3.0,1.0,80.0,7
1.0,7.0,1.0,13.0,22
3.0,11.0,1.0,9.0,1
7.0,5.0,2.0,12.0,26
6.0,43.0,1.0,86.0,1
2.0,2.0,2.0,1.0,2
7.0,13.0,1.0,1.0,4
17.0,11.0,1.0,1.0,40
1.0,1.0,41.0,62.0,14
2.0,300.0,4.0,1.0,4
2.0,48.0,4.0,10.0,4
1.0,26.0,2.0,5.0,2
2.0,1.0,13.0,2.0,1
46.0,13.0,24.0,9.0,1
6.0,1.0,62.0,1.0,1
5.0,19.0,1.0,3.0,6
24.0,3.0,1.0,5.0,5
1.0,4.0,27.0,1.0,1
424.0,8.0,88.0,2.0,1
4.0,1.0,2.0,3.0,2
30.0,9.0,1.0,1.0,39
6.0,7.0,27.0,3.0,2
1.0,5.0,1.0,1.0,6
2.0,3.0,195.0,1.0,84
1.0,1.0,1.0,7.0,1
1.0,14.0,1.0,1.0,3
8.0,3.0,66.0,1.0,1
1.0,8.0,30.0,1.0,70
8.0,8.0,40.0,34.0,2
1.0,6.0,10.0,1.0,5
1.0,23.0,1.0,84.0,1
1.0,7.0,58.0,1.0,9
10.0,26.0,103.0,13.0,146
1.0,1.0,22.0,13.0,1
4.0,1.0,47.0,1.0,2
2.0,1.0,2.0,1.0,186
1.0,24.0,55.0,5.0,7
17.0,6.0,1.0,5.0,1
44.0,3.0,2.0,2.0,9
105.0,4.0,31.0,1.0,1
1.0,26.0,9.0,3.0,1
1.0,7.0,35.0,1.0,91
12.0,76.0,1.0,8.0,8
15.0,25.0,3.0,1.0,1
2.0,5.0,2.0,2.0,7
2.0,2.0,32.0,2.0,60
3.0,48.0,70.0,4.0,87
3.0,19.0,5.0,1.0,76
1.0,1.0,2.0,2.0,2
1.0,1.0,2.0,7.0,1
3.0,1.0,1.0,1.0,1
1.0,1.0,2.0,32.0,2
12.0,1.0,4.0,2.0,1
1.0,1.0,34.0,115.0,1
2.0,2.0,2.0,22.0,124
1.0,1.0,1.0,5.0,1
3.0,4.0,1.0,3.0,1
1.0,1.0,1.0,1.0,18
5.0,1.0,1.0,7.0,20
3.0,13.0,1.0,1.0,19
140.0,14.0,1.0,1.0,31
3.0,5.0,,1.0,35
26.0,1.0,,1.0,3
9.0,38.0,,14.0,2
2.0,14.0,,1.0,25
4.0,5.0,,1.0,7
1.0,8.0,,1.0,2
23.0,3.0,,1.0,5
1.0,6.0,,1.0,1
7.0,10.0,,1.0,2
4.0,1.0,,1.0,1
2.0,1.0,,1.0,2
2.0,22.0,,35.0,8
1.0,1.0,,4.0,2
3.0,3.0,,1.0,1
1.0,7.0,,1.0,3
58.0,5.0,,1.0,12
3.0,56.0,,26.0,3
3.0,111.0,,1.0,8
2.0,84.0,,1.0,8
23.0,23.0,,7.0,50
12.0,2.0,,328.0,2
1.0,2.0,,2.0,66
17.0,3.0,,2.0,28
5.0,2.0,,17.0,5
24.0,1.0,,1.0,1
1.0,13.0,,1.0,7
15.0,20.0,,54.0,47
1.0,12.0,,1.0,1
17.0,9.0,,2.0,1
2.0,13.0,,4.0,2
7.0,3.0,,1.0,12
1.0,1.0,,24.0,1
2.0,215.0,,5.0,11
23.0,44.0,,1.0,2
6.0,2.0,,2.0,1
17.0,41.0,,1.0,49
7.0,1.0,,2.0,1
1.0,1.0,,78.0,3
2.0,6.0,,1.0,19
1.0,4.0,,1.0,31
2.0,3.0,,1.0,34
8.0,1.0,,85.0,1
6.0,18.0,,1.0,2
5.0,3.0,,6.0,2
2.0,7.0,,15.0,2
4.0,2.0,,1.0,16
5.0,7.0,,5.0,90
5.0,12.0,,1.0,51
2.0,1.0,,79.0,1
2.0,1.0,,1.0,2
1.0,2.0,,1.0,2
17.0,4.0,,21.0,30
1.0,4.0,,1.0,22
1.0,22.0,,1.0,4
1.0,11.0,,1.0,1
41.0,18.0,,8.0,14
10.0,17.0,,4.0,68
1.0,7.0,,1.0,4
17.0,1.0,,1.0,1
1.0,28.0,,6.0,1
260.0,2.0,,6.0,10
3.0,10.0,,1.0,6
13.0,50.0,,2.0,4
1.0,19.0,,1.0,1
2.0,2.0,,21.0,9
4.0,12.0,,1.0,12
5.0,18.0,,1.0,10
1.0,2.0,,1.0,44
1.0,2.0,,1.0,1
2.0,1.0,,1.0,73
1.0,7.0,,3.0,1
5.0,6.0,,76.0,11
1.0,1.0,,1.0,1
1.0,1.0,,1.0,7
1.0,1.0,,1.0,4
1.0,19.0,,1.0,3
3.0,52.0,,1.0,1
1.0,3.0,,1.0,59
13.0,8.0,,10.0,1
2.0,1.0,,1.0,24
1.0,4.0,,13.0,1
1.0,6.0,,116.0,24
1.0,7.0,,1.0,20
4.0,1.0,,15.0,1
12.0,1.0,,24.0,32
24.0,4.0,,1.0,7
85.0,44.0,,7.0,3
1.0,4.0,,1.0,1
12.0,1.0,,1.0,1
74.0,1.0,,6.0,19
1.0,3.0,,1.0,1
2.0,5.0,,2.0,1
1.0,54.0,,19.0,1
2.0,145.0,,1.0,17
2.0,102.0,,3.0,4
2.0,3.0,,1.0,9
7.0,2.0,,1.0,53
2.0,16.0,,1.0,1
20.0,2.0,,6.0,1
1.0,1.0,,2.0,1
1.0,5.0,,30.0,2
20.0,5.0,,4.0,2
2.0,10.0,,81.0,1
4.0,19.0,,1.0,1
1.0,2.0,,33.0,2
1.0,14.0,,4.0,33
1.0,1.0,,4.0,3
2.0,21.0,,10.0,2
8.0,1.0,,1.0,11
13.0,3.0,,1.0,106
217.0,2.0,,1.0,31
2.0,1.0,,1.0,1
25.0,9.0,,1.0,1
1.0,3.0,,3.0,1
86.0,218.0,,2.0,40
12.0,27.0,,1.0,1
1.0,55.0,,1.0,1
2.0,4.0,,1.0,1
25.0,3.0,,1.0,4
24.0,3.0,,4.0,1
1.0,7.0,,2.0,5
4.0,1.0,,33.0,1
55.0,3.0,,2.0,1
1.0,1.0,,1.0,32
3.0,7.0,,1.0,15
6.0,2.0,,1.0,110
9.0,1.0,,1.0,4
1.0,15.0,,24.0,1
1.0,6.0,,1.0,1
1.0,5.0,,13.0,1
1.0,2.0,,330.0,4
80.0,3.0,,1.0,1
6.0,21.0,,13.0,1
1.0,4.0,,1.0,1
1.0,2.0,,1.0,1
3.0,1.0,,79.0,1
2.0,1.0,,1.0,1
23.0,18.0,,1.0,1
30.0,2.0,,7.0,1
22.0,1.0,,5.0,2
32.0,20.0,,1.0,1
43.0,8.0,,2.0,1
10.0,6.0,,1.0,2
42.0,20.0,,4.0,2
23.0,2.0,,3.0,1
2.0,14.0,,36.0,1
3.0,21.0,,1.0,1
2.0,7.0,,18.0,1
22.0,1.0,,1.0,1
10.0,34.0,,76.0,38
13.0,8.0,,3.0,1
1.0,3.0,,21.0,1
1.0,2.0,,1.0,1
13.0,1.0,,8.0,2
2.0,1.0,,1.0,1
1.0,2.0,,1.0,1
1.0,2.0,,1.0,31
1.0,1.0,,64.0,1
1.0,1.0,,1.0,105
7.0,11.0,,1.0,361
9.0,8.0,,20.0,21
14.0,5.0,,1.0,85
6.0,1.0,,1.0,17
19.0,15.0,,1.0,1
1.0,3.0,,4.0,3
2.0,1.0,,2.0,1
3.0,62.0,,74.0,2
2.0,1.0,,1.0,4
2.0,3.0,,4.0,3
5.0,2.0,,1.0,31
9.0,1.0,,1.0,3
10.0,15.0,,2.0,18
1.0,1.0,,1.0,1
1.0,2.0,,83.0,1
47.0,1.0,,1.0,27
29.0,41.0,,1.0,11
2.0,1.0,,3.0,1
1.0,2.0,,1.0,15
1.0,1.0,,31.0,4
466.0,10.0,,1.0,1
6.0,13.0,,2.0,6
1.0,8.0,,18.0,2
8.0,47.0,,123.0,1
36.0,132.0,,21.0,3
4.0,95.0,,22.0,33
14.0,1.0,,1.0,8
4.0,2.0,,4.0,4
1.0,19.0,,1.0,36
1.0,5.0,,5.0,1
14.0,1.0,,1.0,3
1.0,3.0,,1.0,1
4.0,11.0,,46.0,1
1.0,2.0,,2.0,4
3.0,9.0,,2.0,56
3.0,21.0,,1.0,3
1.0,15.0,,1.0,4
1.0,1.0,,1.0,1
1.0,10.0,,7.0,4
2.0,1.0,,1.0,1
1.0,24.0,,1.0,8
3.0,2.0,,5.0,1
1.0,2.0,,2.0,1
1.0,2.0,,11.0,9
1.0,8.0,,3.0,161
39.0,1.0,,1.0,1
1.0,1.0,,47.0,1
2.0,2.0,,34.0,82
1.0,1.0,,1.0,3
1.0,287.0,,2.0,1
6.0,52.0,,1.0,4
1.0,2.0,,2.0,3
1.0,41.0,,1.0,1
17.0,1.0,,1.0,5
18.0,3.0,,4.0,119
121.0,6.0,,1.0,4
4.0,5.0,,1.0,4
15.0,2.0,,1.0,43
1.0,1.0,,8.0,41
1.0,3.0,,1.0,55
1.0,2.0,,1.0,2
38.0,14.0,,1.0,10
2.0,4.0,,1.0,1
3.0,4.0,,1.0,1
1.0,4.0,,1.0,1
1.0,7.0,,1.0,103
1.0,1.0,,1.0,1
1.0,4.0,,1.0,5
5.0,5.0,,31.0,15
1.0,1.0,,1.0,26
8.0,8.0,,1.0,13
1.0,2.0,,1.0,19
4.0,11.0,,4.0,26
2.0,26.0,,7.0,12
1.0,14.0,,1.0,1
4.0,5.0,,4.0,1
1.0,1.0,,1.0,4
150.0,1.0,,342.0,1
3.0,14.0,,1.0,1
85.0,8.0,,1.0,3
1.0,1.0,,11.0,9
2.0,2.0,,102.0,7
3.0,14.0,,5.0,1
1.0,4.0,,3.0,7
17.0,10.0,,2.0,1
15.0,33.0,,12.0,25
1.0,2.0,,1.0,1
3.0,68.0,,15.0,1
18.0,1.0,,1.0,1
1.0,8.0,,3.0,3
4.0,2.0,,1.0,4
2.0,1.0,,2.0,51
1.0,36.0,,31.0,3
7.0,21.0,,1.0,1
1.0,2.0,,1.0,74
1.0,3.0,,33.0,7
69.0,4.0,,52.0,4
18.0,1.0,,7.0,1
1.0,1.0,,62.0,4
4.0,1.0,,11.0,8
39.0,1.0,,1.0,18
20.0,2.0,,2.0,1
1.0,2.0,,30.0,1
1.0,1.0,,1.0,11
19.0,1.0,,3.0,38
21.0,1.0,,9.0,1
1.0,1.0,,2.0,5
27.0,1.0,,2.0,1
25.0,1.0,,4.0,114
2.0,1.0,,1.0,1
6.0,2.0,,1.0,28
23.0,1.0,,2.0,24
1.0,1.0,,7.0,62
9.0,6.0,,1.0,38
1.0,13.0,,1.0,1
1.0,1.0,,129.0,3
1.0,6.0,,3.0,1
2.0,1.0,,1.0,5
2.0,1.0,,1.0,19
3.0,56.0,,4.0,1
6.0,2.0,,1.0,68
6.0,14.0,,1.0,1
6.0,3.0,,2.0,60
24.0,10.0,,37.0,4
2.0,1.0,,1.0,1
5.0,6.0,,1.0,48
1.0,32.0,,1.0,27
1.0,1.0,,48.0,1
2.0,1.0,,1.0,1
6.0,1.0,,19.0,19
11.0,4.0,,151.0,79
1.0,16.0,,1.0,1
1.0,12.0,,12.0,3
43.0,46.0,,18.0,1
7.0,143.0,,5.0,6
1.0,1.0,,1.0,1
1.0,78.0,,4.0,17
3.0,1.0,,1.0,7
361.0,23.0,,1.0,14
1.0,3.0,,1.0,1
2.0,2.0,,62.0,2
20.0,13.0,,5.0,2
10.0,1.0,,9.0,20
7.0,2.0,,5.0,38
1.0,2.0,,3.0,44
19.0,53.0,,5.0,1
1.0,3.0,,1.0,88
1.0,3.0,,1.0,1
1.0,2.0,,14.0,1
3.0,2.0,,1.0,4
1.0,17.0,,1.0,20
1.0,26.0,,3.0,4
1.0,7.0,,50.0,23
1.0,3.0,,29.0,5
1.0,1.0,,2.0,3
1.0,1.0,,1.0,1
1.0,330.0,,5.0,61
23.0,60.0,,4.0,1
1.0,7.0,,1.0,10
2.0,95.0,,1.0,22
1.0,1.0,,1.0,1
1.0,3.0,,3.0,1
2.0,9.0,,1.0,1
2.0,2.0,,1.0,50
11.0,14.0,,1.0,14
5.0,3.0,,1.0,51
83.0,2.0,,1.0,2
3.0,15.0,,42.0,1
3.0,2.0,,1.0,1
15.0,2.0,,3.0,1
2.0,16.0,,1.0,12
5.0,1.0,,3.0,36
19.0,3.0,,1.0,1
2.0,8.0,,6.0,2
2.0,12.0,,1.0,1
1.0,1.0,,1.0,32
1.0,12.0,,394.0,1
1.0,3.0,,1.0,7
1.0,1.0,,1.0,146
23.0,3.0,,1.0,1
1.0,7.0,,11.0,1
1.0,31.0,,8.0,2
2.0,6.0,,1.0,1
3.0,2.0,,10.0,1
3.0,2.0,,1.0,2
1.0,1.0,,1.0,5
131.0,33.0,,2.0,1
1.0,3.0,,3.0,2
33.0,4.0,,12.0,1
1.0,32.0,,1.0,1
1.0,33.0,,1.0,5
7.0,42.0,,1.0,39
1.0,52.0,,1.0,2
1.0,6.0,,23.0,3
26.0,1.0,,1.0,80
30.0,4.0,,1.0,27
1.0,114.0,,24.0,2
10.0,1.0,,2.0,1
15.0,12.0,,61.0,1
1.0,14.0,,4.0,1
2.0,40.0,,67.0,2
1.0,16.0,,19.0,35
1.0,2.0,,1.0,1
1.0,1.0,,1.0,2
54.0,2.0,,37.0,9
6.0,3.0,,3.0,1
1.0,1.0,,1.0,1
66.0,2.0,,1.0,2
1.0,1.0,,8.0,2
11.0,1.0,,1.0,1
1.0,1.0,,7.0,2
2.0,1.0,,1.0,35
1.0,1.0,,2.0,2
17.0,1.0,,4.0,49
34.0,2.0,,1.0,1
2.0,1.0,,1.0,1
9.0,3.0,,1.0,2
7.0,17.0,,3.0,1
2.0,6.0,,10.0,1
24.0,10.0,,1.0,8
4.0,1.0,,129.0,1
1.0,1.0,,1.0,1
11.0,74.0,,1.0,1
2.0,1.0,,9.0,1
7.0,5.0,,1.0,5
14.0,1.0,,2.0,1
11.0,3.0,,3.0,1
2.0,11.0,,74.0,1
15.0,15.0,,2.0,1
2.0,1.0,,1.0,1
2.0,2.0,,1.0,39
7.0,4.0,,1.0,1
4.0,10.0,,1.0,1
1.0,40.0,,1.0,19
2.0,87.0,,2.0,1
3.0,1.0,,55.0,64
1.0,58.0,,1.0,340
1.0,22.0,,15.0,14
1.0,2.0,,1.0,79
1.0,6.0,,203.0,27
55.0,23.0,,10.0,10
6.0,2.0,,29.0,1
1.0,4.0,,1.0,1
3.0,25.0,,1.0,4
1.0,4.0,,6.0,22
209.0,1.0,,4.0,3
1.0,1.0,,1.0,1
6.0,7.0,,68.0,1
15.0,6.0,,7.0,53
1.0,4.0,,25.0,10
11.0,5.0,,1.0,1
1.0,1.0,,1.0,9
9.0,1.0,,21.0,7
1.0,5.0,,1.0,1
1.0,3.0,,1.0,5
1.0,2.0,,7.0,11
1.0,1.0,,1.0,3
4.0,215.0,,13.0,22
1.0,45.0,,7.0,10
1.0,2.0,,2.0,24
2.0,40.0,,32.0,3
1.0,5.0,,26.0,55
1.0,11.0,,3.0,2
19.0,9.0,,1.0,5
1.0,13.0,,15.0,2
1.0,21.0,,9.0,1
2.0,14.0,,1.0,40
3.0,1.0,,1.0,5
37.0,2.0,,1.0,1
1.0,1.0,,2.0,1
79.0,3.0,,1.0,1
11.0,9.0,,1.0,3
4.0,8.0,,1.0,3
5.0,6.0,,1.0,7
3.0,27.0,,1.0,24
1.0,1.0,,1.0,27
35.0,3.0,,1.0,5
1.0,1.0,,2.0,1
1.0,3.0,,1.0,22
1.0,3.0,,48.0,165
1.0,1.0,,10.0,2
1.0,5.0,,4.0,6
1.0,17.0,,4.0,69
2.0,4.0,,1.0,1
3.0,2.0,,1.0,6
1.0,1.0,,362.0,7
7.0,41.0,,1.0,14
1.0,1.0,,5.0,243
6.0,1.0,,3.0,1
2.0,1.0,,1.0,37
1.0,32.0,,1.0,72
4.0,46.0,,4.0,61
3.0,16.0,,1.0,17
1.0,41.0,,10.0,4
1.0,16.0,,1.0,1
133.0,2.0,,8.0,9
11.0,2.0,,4.0,1
49.0,77.0,,5.0,1
2.0,2.0,,2.0,123
1.0,4.0,,6.0,3
2.0,27.0,,1.0,6
2.0,1.0,,5.0,17
7.0,1.0,,20.0,42
39.0,26.0,,1.0,4
3.0,15.0,,24.0,5
2.0,1.0,,1.0,41
1.0,1.0,,110.0,1
1.0,1.0,,2.0,10
1.0,8.0,,2.0,4
2.0,1.0,,60.0,4
2.0,2.0,,1.0,4
1.0,1.0,,16.0,18
1.0,1.0,,1.0,3
79.0,1.0,,1.0,15
8.0,1.0,,1.0,3
1.0,1.0,,1.0,4
1.0,1.0,,31.0,1
2.0,1.0,,4.0,7
49.0,1.0,,1.0,7
1.0,1.0,,5.0,2
9.0,4.0,,2.0,9
1.0,10.0,,1.0,2
1.0,5.0,,3.0,1
13.0,1.0,,8.0,3
12.0,,,1.0,65
2.0,,,1.0,9
13.0,,,1.0,78
1.0,,,1.0,3
2.0,,,3.0,1
14.0,,,5.0,2
8.0,,,116.0,19
1.0,,,1.0,11
1.0,,,2.0,7
1.0,,,19.0,1
3.0,,,2.0,2
1.0,,,4.0,23
4.0,,,75.0,33
2.0,,,5.0,1
5.0,,,5.0,8
6.0,,,1.0,4
22.0,,,1.0,179
8.0,,,8.0,1
1.0,,,2.0,55
1.0,,,2.0,3
1.0,,,60.0,33
2.0,,,1.0,213
1.0,,,2.0,415
2.0,,,12.0,13
2.0,,,3.0,3
7.0,,,217.0,31
1.0,,,7.0,23
3.0,,,86.0,2
68.0,,,8.0,1
13.0,,,1.0,80
1.0,,,3.0,93
275.0,,,1.0,6
2.0,,,7.0,1
7.0,,,47.0,3
15.0,,,16.0,43
1.0,,,13.0,65
16.0,,,6.0,2
3.0,,,18.0,1
2.0,,,1.0,2
1.0,,,1.0,26
1.0,,,1.0,2
6.0,,,16.0,64
1.0,,,35.0,21
1.0,,,2.0,6
1.0,,,26.0,3
1.0,,,33.0,1
2.0,,,3.0,1
1.0,,,4.0,11
1.0,,,24.0,1
7.0,,,10.0,6
1.0,,,1.0,16
1.0,,,2.0,1
1.0,,,2.0,1
1.0,,,1.0,1
1.0,,,1.0,11
1.0,,,1.0,14
1.0,,,1.0,91
2.0,,,1.0,26
1.0,,,1.0,1
1.0,,,1.0,86
1.0,,,1.0,1
2.0,,,2.0,13
1.0,,,1.0,16
1.0,,,2.0,7
41.0,,,1.0,12
1.0,,,1.0,1
52.0,,,47.0,1
16.0,,,17.0,2
1.0,,,1.0,36
1.0,,,4.0,1
5.0,,,5.0,6
3.0,,,1.0,44
3.0,,,2.0,1
9.0,,,440.0,1
57.0,,,1.0,33
1.0,,,1.0,32
2.0,,,1.0,40
1.0,,,8.0,4
2.0,,,10.0,1
1.0,,,1.0,1
6.0,,,1.0,2
2.0,,,5.0,1
10.0,,,1.0,1
1.0,,,2.0,2
1.0,,,4.0,27
1.0,,,2.0,35
1.0,,,16.0,1
2.0,,,9.0,8
2.0,,,7.0,34
1.0,,,1.0,1
1.0,,,2.0,2
1.0,,,91.0,10
138.0,,,1.0,84
1.0,,,1.0,1
10.0,,,76.0,1
1.0,,,1.0,7
114.0,,,49.0,8
1.0,,,1.0,24
7.0,,,1.0,1
3.0,,,2.0,6
4.0,,,44.0,7
1.0,,,9.0,2
9.0,,,1.0,3
59.0,,,4.0,34
3.0,,,3.0,4
2.0,,,1.0,4
1.0,,,4.0,2
1.0,,,6.0,10
3.0,,,1.0,1
17.0,,,8.0,74
4.0,,,13.0,53
1.0,,,127.0,1
3.0,,,3.0,1
6.0,,,1.0,1
73.0,,,3.0,1
4.0,,,1.0,1
1.0,,,11.0,7
2.0,,,2.0,1
1.0,,,1.0,1
1.0,,,3.0,1
51.0,,,91.0,8
3.0,,,5.0,1
2.0,,,4.0,1
1.0,,,1.0,1
2.0,,,5.0,1
1.0,,,2.0,12
11.0,,,19.0,1
11.0,,,31.0,2
1.0,,,4.0,1
1.0,,,1.0,1
5.0,,,2.0,7
1.0,,,6.0,1
1.0,,,16.0,3
3.0,,,1.0,1
12.0,,,2.0,2
1.0,,,231.0,1
7.0,,,6.0,1
2.0,,,118.0,1
1.0,,,1.0,1
1.0,,,2.0,13
1.0,,,6.0,1
11.0,,,1.0,2
1.0,,,1.0,1
9.0,,,2.0,1
6.0,,,2.0,1
16.0,,,1.0,1
3.0,,,5.0,1
2.0,,,42.0,1
1.0,,,34.0,1
1.0,,,1.0,1
1.0,,,8.0,4
2.0,,,5.0,1
1.0,,,14.0,38
3.0,,,2.0,1
15.0,,,2.0,12
1.0,,,1.0,2
36.0,,,20.0,1
115.0,,,15.0,61
11.0,,,1.0,2
2.0,,,19.0,318
2.0,,,16.0,7
1.0,,,4.0,103
354.0,,,41.0,34
4.0,,,1.0,3
10.0,,,1.0,16
19.0,,,9.0,1
2.0,,,1.0,1
3.0,,,1.0,1
17.0,,,3.0,8
6.0,,,1.0,7
1.0,,,1.0,1
1.0,,,3.0,1
3.0,,,1.0,2
1.0,,,1.0,13
1.0,,,2.0,13
4.0,,,1.0,3
1.0,,,2.0,2
9.0,,,1.0,3
1.0,,,1.0,1
1.0,,,1.0,43
1.0,,,1.0,17
1.0,,,1.0,7
1.0,,,1.0,21
1.0,,,52.0,1
2.0,,,46.0,9
1.0,,,3.0,6
2.0,,,1.0,3
1.0,,,1.0,1
1.0,,,1.0,6
7.0,,,1.0,23
56.0,,,5.0,1
1.0,,,2.0,48
1.0,,,356.0,2
3.0,,,2.0,59
16.0,,,1.0,2
1.0,,,5.0,3
5.0,,,5.0,6
1.0,,,2.0,9
3.0,,,1.0,3
2.0,,,1.0,79
2.0,,,14.0,22
3.0,,,1.0,2
87.0,,,11.0,2
1.0,,,6.0,1
2.0,,,5.0,3
5.0,,,1.0,3
1.0,,,1.0,1
3.0,,,1.0,2
2.0,,,13.0,2
1.0,,,1.0,26
1.0,,,1.0,69
2.0,,,13.0,16
2.0,,,16.0,10
2.0,,,61.0,116
1.0,,,1.0,1
1.0,,,1.0,2
92.0,,,62.0,1
2.0,,,43.0,1
74.0,,,1.0,14
2.0,,,1.0,65
6.0,,,1.0,3
2.0,,,1.0,1
1.0,,,33.0,11
55.0,,,1.0,6
1.0,,,8.0,20
6.0,,,1.0,228
10.0,,,2.0,1
1.0,,,1.0,14
6.0,,,7.0,164
1.0,,,3.0,53
2.0,,,2.0,12
1.0,,,2.0,5
5.0,,,5.0,1
13.0,,,2.0,9
43.0,,,1.0,5
1.0,,,3.0,2
4.0,,,5.0,169
36.0,,,11.0,4
1.0,,,1.0,25
12.0,,,58.0,32
1.0,,,1.0,36
11.0,,,1.0,7
4.0,,,1.0,4
1.0,,,3.0,50
8.0,,,1.0,5
1.0,,,2.0,3
1.0,,,8.0,7
1.0,,,2.0,5
1.0,,,1.0,1
17.0,,,64.0,1
1.0,,,1.0,20
5.0,,,15.0,1
16.0,,,1.0,6
1.0,,,1.0,29
3.0,,,66.0,1
2.0,,,2.0,6
5.0,,,40.0,2
6.0,,,1.0,1
4.0,,,1.0,2
2.0,,,2.0,9
4.0,,,4.0,2
2.0,,,18.0,3
1.0,,,204.0,11
1.0,,,4.0,5
3.0,,,138.0,1
5.0,,,1.0,5
1.0,,,4.0,1
1.0,,,1.0,2
96.0,,,1.0,1
7.0,,,14.0,54
1.0,,,46.0,17
252.0,,,50.0,48
16.0,,,1.0,5
14.0,,,12.0,11
17.0,,,1.0,18
1.0,,,6.0,1
1.0,,,5.0,6
2.0,,,1.0,1
36.0,,,36.0,1
4.0,,,16.0,1
1.0,,,8.0,25
3.0,,,13.0,9
6.0,,,23.0,18
1.0,,,5.0,5
1.0,,,1.0,191
2.0,,,26.0,1
1.0,,,1.0,47
5.0,,,9.0,2
1.0,,,1.0,27
2.0,,,1.0,60
62.0,,,1.0,1682
1.0,,,10.0,14
1.0,,,1.0,2
16.0,,,1.0,1
1.0,,,1.0,47
1.0,,,1.0,1
1.0,,,1.0,9
,,,1.0,52
,,,1.0,3
,,,1.0,81
,,,1.0,1
,,,1.0,6
,,,60.0,18
,,,37.0,48
,,,9.0,49
,,,2.0,3
,,,1.0,1
,,,21.0,32
,,,1.0,14
,,,1.0,64
,,,1.0,24
,,,9.0,2
,,,339.0,7
,,,1.0,6
,,,1.0,6
,,,1.0,36
,,,5.0,1
,,,1.0,1
,,,7.0,27
,,,9.0,12
,,,2.0,71
,,,10.0,40
,,,1.0,1
,,,2.0,1
,,,4.0,98
,,,1.0,2
,,,1.0,2
,,,1.0,1
,,,1.0,15
,,,1.0,48
,,,1.0,4
,,,4.0,26
,,,1.0,2
,,,11.0,1
,,,1.0,9
,,,1.0,10
,,,15.0,32
,,,19.0,2
,,,1.0,5
,,,2.0,13
,,,51.0,5
,,,2.0,5
,,,61.0,2
,,,16.0,39
,,,1.0,39
,,,4.0,1
,,,1.0,33
,,,24.0,5
,,,1.0,2
,,,10.0,2
,,,1.0,3
,,,1.0,1
,,,5.0,17
,,,1.0,34
,,,1.0,1
,,,5.0,6
,,,1.0,35
,,,1.0,43
,,,3.0,11
,,,6.0,54
,,,4.0,1
,,,28.0,2
,,,4.0,1
,,,1.0,3
,,,1.0,1
,,,5.0,12
,,,18.0,31
,,,26.0,1
,,,1.0,2
,,,5.0,15
,,,1.0,10
,,,2.0,1
,,,1.0,12
,,,1.0,7
,,,17.0,28
,,,5.0,6
,,,1.0,12
,,,5.0,1
,,,2.0,3
,,,4.0,3
,,,44.0,1
,,,1.0,144
,,,4.0,40
,,,19.0,10
,,,1.0,3
,,,189.0,1
,,,2.0,1
,,,45.0,1
,,,1.0,1
,,,2.0,1
,,,3.0,1
,,,6.0,1
,,,100.0,2
,,,1.0,1
,,,8.0,1
,,,166.0,5
,,,1.0,3
,,,4.0,2
,,,1.0,1
,,,1.0,4
,,,1.0,1
,,,1.0,79
,,,12.0,1
,,,1.0,2
,,,40.0,4
,,,37.0,2
,,,8.0,20
,,,1.0,1
,,,18.0,1
,,,1.0,1
,,,4.0,1
,,,30.0,1
,,,18.0,1
,,,1.0,4
,,,14.0,1
,,,23.0,1
,,,3.0,3
,,,2.0,1
,,,21.0,1
,,,1.0,2
,,,1.0,1
,,,5.0,1
,,,1.0,1
,,,1.0,1
,,,2.0,1
,,,1.0,1
,,,1.0,1
,,,1.0,1
,,,1.0,1
,,,1.0,5
,,,1.0,1
,,,2.0,1
,,,1.0,1
,,,1.0,1
,,,1.0,54
,,,1.0,1
,,,1.0,1
,,,1.0,1
,,,77.0,5
,,,43.0,1
,,,4.0,50
,,,1.0,13
,,,4.0,1
,,,18.0,1
,,,5.0,5
,,,5.0,279
,,,248.0,1
,,,2.0,6
,,,3.0,7
,,,1.0,1
,,,1.0,1
,,,1.0,88
,,,9.0,1
,,,1.0,9
,,,1.0,1
,,,10.0,1
,,,1.0,18
,,,4.0,1
,,,1.0,1
,,,1.0,7
,,,1.0,4
,,,1.0,8
,,,1.0,1
,,,1.0,7
,,,2.0,13
,,,1.0,2
,,,1.0,11
,,,6.0,2
,,,15.0,1
,,,4.0,4
,,,1.0,2
,,,82.0,5
,,,4.0,4
,,,1.0,1
,,,46.0,1
,,,22.0,45
,,,1.0,1
,,,1.0,18
,,,2.0,14
,,,1.0,18
,,,26.0,1
,,,8.0,2
,,,4.0,1
,,,1.0,9
,,,1.0,2
,,,1.0,1
,,,8.0,4
,,,1.0,1
,,,2.0,8
,,,4.0,8
,,,1.0,41
,,,13.0,76
,,,15.0,1
,,,5.0,70
,,,4.0,2
,,,12.0,1
,,,1.0,5
,,,1.0,19
,,,14.0,2
,,,18.0,10
,,,6.0,4
,,,4.0,88
,,,30.0,3
,,,3.0,1
,,,5.0,4
,,,22.0,1
,,,179.0,5
,,,17.0,1
,,,3.0,1
,,,1.0,1
,,,2.0,1
,,,1.0,4
,,,47.0,41
,,,5.0,17
,,,216.0,3
,,,1.0,106
,,,2.0,2
,,,1.0,9
,,,26.0,2
,,,14.0,4
,,,46.0,1
,,,1.0,3
,,,12.0,13
,,,1.0,45
,,,15.0,11
,,,2.0,14
,,,14.0,7
,,,8.0,22
,,,8.0,229
,,,2.0,4
,,,10.0,12
,,,25.0,72
,,,1.0,57
,,,1.0,11
,,,2.0,6
,,,32.0,3
,,,1.0,1
,,,1.0,8
,,,1.0,34
,,,2.0,1
,,,1.0,5
,,,1.0,1
,,,1.0,279
,,,1.0,14
,,,1.0,45
,,,1.0,24
,,,1.0,22
,,,1.0,2
,,,1.0,5
,,,1.0,49
,,,1.0,2
,,,1.0,1
,,,1.0,3
,,,1.0,5
,,,1.0,19
,,,70.0,3
,,,54.0,1
,,,5.0,1
,,,2.0,1
,,,5.0,21
,,,,8
,,,,1
,,,,25
,,,,3
,,,,1
,,,,11
,,,,5
,,,,2
,,,,2
,,,,5
,,,,1
,,,,1
,,,,2
,,,,2
,,,,21
,,,,7
,,,,14
,,,,1
,,,,4
,,,,54
,,,,1
,,,,1
,,,,5
,,,,56
,,,,7
,,,,14
,,,,1
,,,,1
,,,,1
,,,,3
,,,,8
,,,,1
,,,,50
,,,,10
,,,,5
,,,,1
,,,,5
,,,,1
,,,,240
,,,,7
,,,,47
,,,,10
,,,,27
,,,,93
,,,,1561
,,,,1
,,,,2
,,,,38
,,,,5
,,,,1
,,,,31
,,,,1
,,,,7
,,,,16
,,,,1
,,,,35
,,,,2
,,,,3
,,,,158
,,,,4
,,,,1
,,,,1
,,,,1
,,,,22
,,,,32
,,,,21
,,,,2
,,,,8
,,,,26
,,,,2
,,,,83
,,,,2
,,,,4
,,,,2
,,,,11
,,,,12
,,,,2
,,,,15
,,,,14
,,,,45
,,,,1
,,,,31
,,,,2
,,,,28
,,,,54
,,,,2
,,,,1
,,,,71
,,,,1
,,,,7
,,,,32
,,,,17
,,,,4
,,,,38
,,,,3
,,,,12
,,,,20
,,,,11
,,,,3
,,,,1
,,,,6
,,,,1
,,,,1
,,,,16
,,,,2
,,,,3
,,,,1
,,,,46
,,,,1
,,,,24
,,,,44
,,,,1
,,,,7
,,,,2
,,,,1
,,,,3
,,,,1
,,,,7
,,,,31
,,,,28
,,,,2
,,,,11
,,,,1
,,,,73
,,,,75
,,,,1
,,,,7
,,,,3
,,,,47
,,,,3
,,,,1
,,,,1
,,,,11
,,,,1
,,,,15
,,,,7
,,,,1
,,,,26
,,,,26
,,,,1
,,,,1
,,,,13
,,,,12
,,,,19
,,,,2
,,,,5
,,,,2
,,,,4
,,,,1
,,,,1
,,,,1
,,,,6
,,,,2
,,,,161
,,,,1
,,,,57
,,,,54
,,,,2
,,,,2
,,,,1
,,,,1
,,,,1
,,,,1
,,,,1
,,,,1
,,,,5
,,,,3
,,,,2
,,,,1
,,,,1
,,,,7
,,,,1
,,,,1
,,,,58
,,,,1
,,,,1
,,,,8
,,,,15
,,,,1
,,,,2
,,,,1
,,,,16
,,,,1
,,,,3
,,,,1
,,,,1
,,,,2
,,,,1
,,,,1
,,,,1
,,,,1
,,,,2
,,,,8
,,,,14
,,,,2
,,,,7
,,,,1
,,,,1
,,,,1
,,,,1
,,,,3
,,,,1
,,,,3
,,,,1
,,,,1
,,,,1
,,,,15
,,,,1
,,,,1
,,,,1
,,,,1
,,,,53
,,,,1
,,,,21
,,,,1
,,,,1
,,,,14
,,,,330
,,,,15
,,,,1
,,,,7
,,,,1
,,,,10
,,,,1
,,,,1
,,,,5
,,,,1
,,,,2
,,,,2
,,,,86
,,,,24
,,,,1
,,,,1
,,,,17
,,,,1
,,,,3
,,,,7
,,,,1
,,,,3
,,,,8
,,,,2
,,,,18
,,,,3
,,,,1
,,,,2
,,,,2
,,,,2
,,,,3
,,,,1
,,,,29
,,,,12
,,,,9
,,,,1
,,,,1
,,,,20
,,,,2
,,,,6
,,,,2
,,,,4
,,,,2
,,,,1
,,,,18
,,,,5
,,,,62
,,,,2
,,,,67
,,,,1
,,,,63
,,,,2
,,,,2
,,,,19
,,,,2
,,,,20
,,,,3
,,,,66
,,,,1
,,,,8
,,,,1
,,,,2
,,,,3
,,,,1
,,,,1
,,,,44
,,,,16
,,,,10
,,,,60
,,,,2
,,,,16
,,,,2
,,,,4
,,,,7
,,,,13
,,,,50
,,,,6
,,,,11
,,,,5
,,,,23
,,,,187
,,,,4
,,,,7
,,,,6
,,,,61
,,,,37
,,,,1
,,,,1
,,,,5
,,,,3
,,,,83
,,,,6
,,,,2
,,,,3
,,,,254
,,,,2
,,,,18
,,,,22
,,,,6
,,,,12
,,,,2
,,,,2
,,,,25
,,,,12
,,,,1
,,,,5
,,,,1
,,,,13
,,,,1
,,,,1
,,,,1
,,,,7
,,,,1
,,,,3
,,,,2
,,,,25
,,,,1
,,,,4
,,,,2
,,,,1
,,,,3
,,,,3
,,,,2
,,,,5
,,,,2
,,,,1
,,,,1
,,,,16
,,,,2
,,,,12
,,,,41
,,,,1
,,,,2
,,,,2
,,,,1
,,,,3
,,,,57
,,,,1
,,,,11
,,,,16
,,,,7
,,,,3
,,,,3
,,,,1
,,,,32
,,,,1
,,,,20
,,,,6
,,,,13
,,,,4
,,,,1
,,,,1
,,,,1
,,,,1
,,,,4
,,,,255
,,,,13
,,,,66
,,,,15
,,,,23
,,,,400
,,,,962
,,,,5
,,,,3
,,,,23
,,,,2
,,,,16
,,,,1
,,,,13
,,,,2
,,,,8
,,,,8
,,,,21
,,,,3
,,,,1
,,,,178
,,,,2
,,,,5
,,,,24
,,,,26
,,,,1
,,,,1
,,,,1
,,,,12
,,,,10
,,,,6
,,,,24
,,,,7
,,,,1
,,,,1
,,,,1
,,,,7
,,,,7
,,,,1
,,,,14
,,,,25
,,,,1
,,,,1
,,,,1
,,,,34
,,,,7
,,,,13
,,,,1
,,,,48
,,,,58
,,,,1
,,,,4
,,,,37
,,,,10
,,,,1
,,,,49
,,,,2
,,,,3
,,,,8
,,,,1
,,,,1
,,,,17
,,,,3
,,,,3
,,,,1
,,,,7
,,,,1
,,,,1
,,,,1
,,,,2
,,,,44
,,,,17
,,,,18
,,,,19
,,,,9
,,,,1
,,,,4
,,,,1
,,,,16
,,,,28
,,,,17
,,,,2
,,,,1
,,,,13
,,,,3
,,,,56
,,,,60
,,,,1
,,,,10
,,,,51
,,,,1
,,,,1
,,,,1
,,,,1
,,,,7
,,,,2
,,,,16
,,,,2
,,,,1
,,,,1
,,,,18
,,,,32
,,,,3
,,,,18
,,,,9
,,,,3
,,,,1
,,,,1
,,,,1
,,,,1
,,,,3
,,,,1
,,,,13
,,,,1
,,,,7
,,,,140
,,,,57
,,,,63
,,,,2
,,,,2
,,,,1
,,,,1
,,,,1
,,,,1
,,,,1
,,,,1
,,,,1
,,,,6
,,,,4
,,,,1
,,,,3
,,,,1
,,,,27
,,,,49
,,,,16
,,,,2
,,,,2
,,,,2
,,,,1
,,,,1
,,,,3
,,,,1
,,,,1
,,,,1
,,,,1
,,,,1
,,,,1
,,,,1
,,,,1
,,,,1
,,,,1
,,,,1
,,,,3
,,,,1
,,,,19
,,,,4
,,,,1
,,,,3
,,,,1
,,,,7
,,,,1
,,,,1
,,,,1
,,,,1
,,,,1
,,,,2
,,,,1
,,,,1
,,,,1
,,,,7
,,,,45
,,,,2
,,,,14
,,,,1
,,,,1
,,,,2
,,,,10
,,,,145
,,,,2
,,,,1
,,,,5
,,,,1
,,,,9
,,,,3
,,,,1
,,,,3
,,,,1
,,,,87
,,,,1
,,,,3
,,,,1
,,,,9
,,,,1
,,,,15
,,,,2
,,,,2
,,,,1
,,,,2
,,,,3
,,,,6
,,,,1
,,,,1
,,,,21
,,,,1
,,,,2
,,,,1
,,,,2
,,,,1
,,,,1
,,,,22
,,,,6
,,,,2
,,,,9
,,,,1
,,,,2
,,,,7
,,,,9
,,,,2
,,,,1
,,,,2
,,,,28
,,,,8
,,,,68
,,,,7
,,,,63
,,,,1
,,,,38
,,,,1
,,,,2
,,,,3
,,,,28
,,,,6
,,,,1
,,,,4
,,,,1
,,,,34
,,,,12
,,,,1
,,,,2
,,,,5
,,,,3
,,,,1
,,,,73
,,,,3
,,,,1
,,,,21
,,,,1
,,,,36
,,,,6
,,,,1
,,,,2
,,,,1
,,,,21
,,,,4
,,,,40
,,,,1
,,,,5
,,,,3
,,,,46
,,,,186
,,,,4
,,,,8
,,,,53
,,,,40
,,,,2
,,,,1
,,,,9
,,,,85
,,,,18
,,,,5
,,,,1
,,,,1
,,,,295
,,,,1
,,,,1
,,,,5
,,,,23
,,,,12
,,,,10
,,,,1
,,,,1
,,,,1
,,,,16
,,,,8
,,,,1
,,,,1
,,,,26
,,,,3
,,,,2
,,,,4
,,,,4
,,,,39
,,,,1
,,,,1
,,,,3
,,,,2
,,,,1
,,,,12
,,,,1
,,,,1
,,,,1
,,,,18
,,,,1
,,,,19
,,,,48
,,,,4
,,,,2
,,,,4
,,,,66
,,,,1
,,,,11
,,,,10
,,,,1
,,,,2
,,,,6
,,,,1
,,,,23
,,,,1
,,,,14
,,,,1
,,,,7
,,,,9
,,,,1
,,,,1
,,,,1
,,,,1
,,,,1
,,,,1
,,,,329
,,,,10
,,,,78
,,,,31
,,,,16
,,,,1521
,,,,1
,,,,9
,,,,1
,,,,1
,,,,39
,,,,5
,,,,4
,,,,23
,,,,3
,,,,1
,,,,7
,,,,4
,,,,30
,,,,1
,,,,1
,,,,2
,,,,3
,,,,4
,,,,2
,,,,40
,,,,1
,,,,1
,,,,12
,,,,16
,,,,94
,,,,13
,,,,5
,,,,5
,,,,18
,,,,2
,,,,1
,,,,1
,,,,4
,,,,5
,,,,1
,,,,1
,,,,25
,,,,14
,,,,2
,,,,8
,,,,36
,,,,6
,,,,19
,,,,54
,,,,1
,,,,58
,,,,1
,,,,11
,,,,34
,,,,8
,,,,6
,,,,2
,,,,44
,,,,3
,,,,7
,,,,37
,,,,1
,,,,3
,,,,19
,,,,4
,,,,5
,,,,1
,,,,1
,,,,2
,,,,2
,,,,2
,,,,67
,,,,8
,,,,1
,,,,3
,,,,1
,,,,13
,,,,1
,,,,4
,,,,1
,,,,1
,,,,12
,,,,20
,,,,27
,,,,2
,,,,25
,,,,1
,,,,2
,,,,5
,,,,19
,,,,45
,,,,39
,,,,1
,,,,3
,,,,4
,,,,1
,,,,68
,,,,1
,,,,1
,,,,10
,,,,3
,,,,27
,,,,4
,,,,1
,,,,7
,,,,29
,,,,2
,,,,23
,,,,19
,,,,1
,,,,1
,,,,13
,,,,1
,,,,1
,,,,2
,,,,5
,,,,1
,,,,2
,,,,1
,,,,1
,,,,3
,,,,2
,,,,24
,,,,87
,,,,97
,,,,70
,,,,3
,,,,1
,,,,3
,,,,1
,,,,1
,,,,3
,,,,1
,,,,1
,,,,1
,,,,1
,,,,1
,,,,3
,,,,1
,,,,7
,,,,548
,,,,7
,,,,2
,,,,2
,,,,1
,,,,1
,,,,4
,,,,5
,,,,1
,,,,1
,,,,2
,,,,1
,,,,1
,,,,1
,,,,1
,,,,1
,,,,2
,,,,2
,,,,1
,,,,3
,,,,23
,,,,2
,,,,1
,,,,1
,,,,8
,,,,1
,,,,1
,,,,1
,,,,4
,,,,1
,,,,1
,,,,1
,,,,1
,,,,1
,,,,1
,,,,1
,,,,1
,,,,1
,,,,1
,,,,1
,,,,1
,,,,1
,,,,1
,,,,14
,,,,31
,,,,9
,,,,18
,,,,5
,,,,1
,,,,5
,,,,3
,,,,4
,,,,118
,,,,2
,,,,3
,,,,1
,,,,7
,,,,1
,,,,1
,,,,12
,,,,1
,,,,75
,,,,4
,,,,1
,,,,1
,,,,4
,,,,6
,,,,14
,,,,1
,,,,4
,,,,14
,,,,1
,,,,2
,,,,1
,,,,6
,,,,1
,,,,18
,,,,1
,,,,1
,,,,12
,,,,13
,,,,1
,,,,7
,,,,5
,,,,2
,,,,15
,,,,1
,,,,13
,,,,8
,,,,1
,,,,2
,,,,1
,,,,18
,,,,4
,,,,73
,,,,1
,,,,43
,,,,8
,,,,2
,,,,1
,,,,6
,,,,33
,,,,1
,,,,1
,,,,3
,,,,2
,,,,18
,,,,13
,,,,2
,,,,5
,,,,1
,,,,24
,,,,1
,,,,1
,,,,12
,,,,7
,,,,1
,,,,24
,,,,2
,,,,1
,,,,6
,,,,12
,,,,1
,,,,59
,,,,8
,,,,5
,,,,36
,,,,120
,,,,16
,,,,34
,,,,38
,,,,10
,,,,84
,,,,6
,,,,3
,,,,3
,,,,283
,,,,5
,,,,17
,,,,9
,,,,7
,,,,1
,,,,1
,,,,2
,,,,37
,,,,10
,,,,6
,,,,11
,,,,17
,,,,1
,,,,1
,,,,1
,,,,1
,,,,1
,,,,9
,,,,21
,,,,1
,,,,4
,,,,2
,,,,2
,,,,1
,,,,2
,,,,1
,,,,3
,,,,5
,,,,4
,,,,35
,,,,27
,,,,1
,,,,2
,,,,46
,,,,2
,,,,7
,,,,14
,,,,1
,,,,1
,,,,21
,,,,10
,,,,1
,,,,6
,,,,1
,,,,8
,,,,18
,,,,284
,,,,6
,,,,64
,,,,60
,,,,9
,,,,1557
,,,,17
,,,,1
,,,,1
,,,,2
,,,,1
,,,,23
,,,,2
,,,,8
,,,,35
,,,,1
,,,,8
,,,,4
,,,,3
,,,,13
,,,,1
,,,,7
,,,,2
,,,,7
,,,,13
,,,,4
,,,,34
,,,,97
,,,,2
,,,,6
,,,,29
,,,,123
,,,,5
,,,,4
,,,,6
,,,,1
,,,,5
,,,,7
,,,,3
,,,,1
,,,,2
,,,,2
,,,,1
,,,,2
,,,,21
,,,,8
,,,,2
,,,,6
,,,,28
,,,,6
,,,,9
,,,,86
,,,,1
,,,,1
,,,,60
,,,,2
,,,,1
,,,,12
,,,,4
,,,,9
,,,,3
,,,,1
,,,,48
,,,,2
,,,,2
,,,,1
,,,,16
,,,,3
,,,,1
,,,,34
,,,,1
,,,,5
,,,,6
,,,,1
,,,,1
,,,,1
,,,,73
,,,,3
,,,,1
,,,,1
,,,,7
,,,,19
,,,,12
,,,,33
,,,,6
,,,,15
,,,,24
,,,,36
,,,,12
,,,,5
,,,,3
,,,,3
,,,,2
,,,,54
,,,,1
,,,,1
,,,,1
,,,,1
,,,,4
,,,,4
,,,,17
,,,,1
,,,,1
,,,,3
,,,,34
,,,,14
,,,,6
,,,,1
,,,,1
,,,,1
,,,,4
,,,,1
,,,,1
,,,,1
,,,,1
,,,,2
,,,,1
,,,,2
,,,,3
,,,,30
,,,,55
,,,,140
,,,,56
,,,,2
,,,,1
,,,,1
,,,,1
,,,,1
,,,,1
,,,,1
,,,,1
,,,,3
,,,,1
,,,,604
,,,,2
,,,,1
,,,,6
,,,,3
,,,,1
,,,,1
,,,,2
,,,,1
,,,,1
,,,,1
,,,,1
,,,,1
,,,,1
,,,,1
,,,,1
,,,,2
,,,,30
,,,,1
,,,,1
,,,,1
,,,,1
,,,,1
,,,,1
,,,,1
,,,,1
,,,,1
,,,,1
,,,,1
,,,,1
,,,,1
,,,,1
,,,,1
,,,,1
,,,,1
,,,,1
,,,,1
,,,,10
,,,,48
,,,,11
,,,,14
,,,,37
,,,,1
,,,,2
,,,,2
,,,,3
,,,,2
,,,,82
,,,,4
,,,,2
,,,,9
,,,,1
,,,,10
,,,,1
,,,,7
,,,,56
,,,,9
,,,,3
,,,,1
,,,,2
,,,,59
,,,,1
,,,,5
,,,,1
,,,,4
,,,,2
,,,,14
,,,,2
,,,,1
,,,,16
,,,,21
,,,,1
,,,,2
,,,,4
,,,,13
,,,,25
,,,,15
,,,,5
,,,,2
,,,,23
,,,,2
,,,,7
,,,,68
,,,,29
,,,,2
,,,,4
,,,,1
,,,,1
,,,,19
,,,,2
,,,,2
,,,,3
,,,,7
,,,,34
,,,,10
,,,,7
,,,,6
,,,,1
,,,,1
,,,,36
,,,,1
,,,,1
,,,,17
,,,,8
,,,,1
,,,,21
,,,,2
,,,,6
,,,,2
,,,,13
,,,,57
,,,,1
,,,,6
,,,,3
,,,,16
,,,,93
,,,,19
,,,,19
,,,,11
,,,,14
,,,,10
,,,,47
,,,,3
,,,,6
,,,,11
,,,,232
,,,,1
,,,,9
,,,,3
,,,,10
,,,,6
,,,,1
,,,,3
,,,,11
,,,,25
,,,,2
,,,,3
,,,,3
,,,,3
,,,,1
,,,,3
,,,,1
,,,,1
,,,,12
,,,,35
,,,,3
,,,,3
,,,,1
,,,,2
,,,,1
,,,,1
,,,,3
,,,,1
,,,,1
,,,,1
,,,,1
,,,,26
,,,,3
,,,,1
,,,,1
,,,,42
,,,,1
,,,,9
,,,,1
,,,,2
,,,,2
,,,,1
,,,,9
,,,,9
,,,,6
,,,,9
,,,,2
,,,,5
,,,,1
,,,,1
,,,,19
,,,,226
,,,,2
,,,,66
,,,,70
,,,,6
,,,,1356
,,,,9
,,,,1
,,,,6
,,,,4
,,,,39
,,,,6
,,,,32
,,,,42
,,,,2
,,,,1
,,,,1
,,,,7
,,,,1
,,,,6
,,,,5
,,,,1
,,,,3
,,,,8
,,,,4
,,,,115
,,,,63
,,,,1
,,,,2
,,,,2
,,,,29
,,,,92
,,,,4
,,,,21
,,,,2
,,,,6
,,,,7
,,,,1
,,,,8
,,,,1
,,,,3
,,,,1
,,,,1
,,,,7
,,,,1
,,,,3
,,,,15
,,,,10
,,,,2
,,,,1
,,,,7
,,,,7
,,,,3
,,,,106
,,,,1
,,,,1
,,,,2
,,,,62
,,,,2
,,,,6
,,,,5
,,,,2
,,,,7
,,,,31
,,,,1
,,,,3
,,,,2
,,,,3
,,,,1
,,,,1
,,,,73
,,,,2
,,,,1
,,,,9
,,,,7
,,,,3
,,,,1
,,,,70
,,,,1
,,,,1
,,,,7
,,,,1
,,,,25
,,,,8
,,,,13
,,,,16
,,,,1
,,,,5
,,,,5
,,,,12
,,,,6
,,,,13
,,,,10
,,,,64
,,,,2
,,,,3
,,,,5
,,,,3
,,,,7
,,,,1
,,,,4
,,,,20
,,,,1
,,,,1
,,,,5
,,,,21
,,,,7
,,,,13
,,,,1
,,,,4
,,,,2
,,,,1
,,,,13
,,,,4
,,,,4
,,,,22
,,,,59
,,,,113
,,,,4
,,,,41
,,,,14
,,,,1
,,,,1
,,,,1
,,,,1
,,,,1
,,,,2
,,,,1
,,,,3
,,,,1
,,,,443
,,,,1
,,,,3
,,,,1
,,,,1
,,,,1
,,,,1
,,,,1
,,,,1
,,,,1
,,,,1
,,,,2
,,,,1
,,,,1
,,,,23
,,,,1
,,,,1
,,,,1
,,,,1
,,,,1
,,,,1
,,,,1
,,,,1
,,,,1
,,,,3
,,,,1
,,,,1
,,,,1
,,,,1
,,,,1
,,,,1
,,,,1
,,,,6
,,,,19
,,,,12
,,,,1
,,,,21
,,,,15
,,,,6
,,,,12
,,,,5
,,,,2
,,,,1
,,,,1
,,,,56
,,,,1
,,,,3
,,,,19
,,,,26
,,,,2
,,,,1
,,,,55
,,,,12
,,,,1
,,,,1
,,,,47
,,,,1
,,,,1
,,,,4
,,,,7
,,,,2
,,,,1
,,,,6
,,,,2
,,,,6
,,,,1
,,,,1
,,,,12
,,,,22
,,,,3
,,,,1
,,,,10
,,,,25
,,,,1
,,,,30
,,,,1
,,,,2
,,,,1
,,,,26
,,,,2
,,,,4
,,,,64
,,,,1
,,,,15
,,,,3
,,,,1
,,,,7
,,,,2
,,,,7
,,,,2
,,,,1
,,,,29
,,,,1
,,,,13
,,,,3
,,,,1
,,,,25
,,,,1
,,,,5
,,,,11
,,,,1
,,,,27
,,,,2
,,,,2
,,,,16
,,,,76
,,,,2
,,,,5
,,,,1
,,,,14
,,,,42
,,,,27
,,,,10
,,,,4
,,,,12
,,,,5
,,,,24
,,,,3
,,,,1
,,,,2
,,,,12
,,,,162
,,,,4
,,,,13
,,,,1
,,,,9
,,,,1
,,,,1
,,,,5
,,,,1
,,,,84
,,,,3
,,,,2
,,,,1
,,,,10
,,,,1
,,,,1
,,,,1
,,,,17
,,,,16
,,,,33
,,,,3
,,,,3
,,,,1
,,,,1
,,,,2
,,,,1
,,,,2
,,,,14
,,,,4
,,,,2
,,,,1
,,,,45
,,,,9
,,,,1
,,,,5
,,,,6
,,,,9
,,,,3
,,,,1
,,,,9
,,,,1
,,,,1
,,,,18
,,,,238
,,,,1
,,,,39
,,,,48
,,,,1
,,,,36
,,,,296
,,,,1
,,,,9
,,,,24
,,,,1
,,,,1
,,,,28
,,,,2
,,,,22
,,,,33
,,,,2
,,,,12
,,,,1
,,,,1
,,,,3
,,,,3
,,,,3
,,,,145
,,,,28
,,,,1
,,,,4
,,,,17
,,,,94
,,,,3
,,,,1
,,,,7
,,,,1
,,,,4
,,,,1
,,,,6
,,,,2
,,,,1
,,,,4
,,,,1
,,,,2
,,,,3
,,,,1
,,,,6
,,,,10
,,,,3
,,,,3
,,,,2
,,,,3
,,,,1
,,,,3
,,,,95
,,,,2
,,,,2
,,,,1
,,,,12
,,,,61
,,,,10
,,,,1
,,,,12
,,,,2
,,,,1
,,,,2
,,,,3
,,,,21
,,,,4
,,,,1
,,,,4
,,,,1
,,,,38
,,,,5
,,,,1
,,,,9
,,,,2
,,,,6
,,,,5
,,,,1
,,,,1
,,,,86
,,,,1
,,,,2
,,,,2
,,,,1
,,,,1
,,,,1
,,,,2
,,,,16
,,,,5
,,,,15
,,,,1
,,,,5
,,,,3
,,,,4
,,,,5
,,,,31
,,,,5
,,,,1
,,,,62
,,,,2
,,,,3
,,,,10
,,,,1
,,,,2
,,,,6
,,,,1
,,,,1
,,,,2
,,,,3
,,,,2
,,,,1
,,,,1
,,,,2
,,,,3
,,,,1
,,,,1
,,,,7
,,,,7
,,,,1
,,,,3
,,,,14
,,,,1
,,,,5
,,,,33
,,,,144
,,,,2
,,,,26
,,,,2
,,,,3
,,,,1
,,,,1
,,,,1
,,,,4
,,,,1
,,,,1
,,,,2
,,,,1
,,,,485
,,,,1
,,,,1
,,,,1
,,,,1
,,,,1
,,,,2
,,,,1
,,,,1
,,,,29
,,,,1
,,,,1
,,,,1
,,,,1
,,,,2
,,,,1
,,,,1
,,,,7
,,,,1
,,,,1
,,,,1
,,,,1
,,,,1
,,,,1
,,,,2
,,,,1
,,,,1
,,,,3
,,,,17
,,,,5
,,,,32
,,,,21
,,,,2
,,,,1
,,,,2
,,,,29
,,,,3
,,,,2
,,,,2
,,,,37
,,,,1
,,,,29
,,,,8
,,,,9
,,,,20
,,,,2
,,,,4
,,,,2
,,,,54
,,,,20
,,,,1
,,,,2
,,,,79
,,,,1
,,,,5
,,,,1
,,,,1
,,,,1
,,,,2
,,,,3
,,,,5
,,,,3
,,,,2
,,,,26
,,,,4
,,,,2
,,,,6
,,,,38
,,,,22
,,,,1
,,,,1
,,,,88
,,,,2
,,,,2
,,,,1
,,,,8
,,,,50
,,,,1
,,,,19
,,,,1
,,,,1
,,,,1
,,,,1
,,,,1
,,,,3
,,,,25
,,,,5
,,,,3
,,,,2
,,,,3
,,,,2
,,,,41
,,,,3
,,,,3
,,,,8
,,,,3
,,,,10
,,,,25
,,,,1
,,,,7
,,,,8
,,,,34
,,,,6
,,,,5
,,,,23
,,,,16
,,,,24
,,,,17
,,,,12
,,,,26
,,,,2
,,,,10
,,,,20
,,,,7
,,,,2
,,,,11
,,,,161
,,,,11
,,,,4
,,,,1
,,,,47
,,,,1
,,,,5
,,,,18
,,,,57
,,,,2
,,,,1
,,,,1
,,,,24
,,,,1
,,,,27
,,,,6
,,,,16
,,,,19
,,,,1
,,,,1
,,,,1
,,,,1
,,,,2
,,,,4
,,,,2
,,,,10
,,,,8
,,,,1
,,,,1
,,,,1
,,,,56
,,,,1
,,,,1
,,,,2
,,,,1
,,,,13
,,,,1
,,,,3
,,,,1
,,,,3
,,,,17
,,,,1
,,,,18
,,,,1
,,,,1
,,,,3
,,,,5
,,,,19
,,,,282
,,,,1
,,,,1
,,,,51
,,,,22
,,,,3
,,,,11
,,,,198
,,,,1
,,,,1
,,,,54
,,,,2
,,,,1
,,,,3
,,,,5
,,,,19
,,,,24
,,,,26
,,,,3
,,,,23
,,,,2
,,,,1
,,,,2
,,,,1
,,,,1
,,,,258
,,,,9
,,,,1
,,,,4
,,,,9
,,,,5
,,,,72
,,,,3
,,,,15
,,,,14
,,,,1
,,,,2
,,,,1
,,,,3
,,,,4
,,,,1
,,,,10
,,,,3
,,,,4
,,,,1
,,,,1
,,,,13
,,,,18
,,,,24
,,,,12
,,,,5
,,,,5
,,,,102
,,,,1
,,,,7
,,,,31
,,,,4
,,,,6
,,,,2
,,,,3
,,,,3
,,,,44
,,,,3
,,,,1
,,,,20
,,,,3
,,,,7
,,,,12
,,,,8
,,,,1
,,,,77
,,,,10
,,,,1
,,,,7
,,,,1
,,,,10
,,,,2
,,,,1
,,,,19
,,,,1
,,,,15
,,,,3
,,,,15
,,,,2
,,,,1
,,,,3
,,,,56
,,,,1
,,,,3
,,,,42
,,,,4
,,,,2
,,,,1
,,,,7
,,,,2
,,,,5
,,,,2
,,,,2
,,,,11
,,,,4
,,,,1
,,,,1
,,,,1
,,,,2
,,,,2
,,,,7
,,,,5
,,,,5
,,,,1
,,,,3
,,,,6
,,,,1
,,,,1
,,,,46
,,,,1
,,,,7
,,,,76
,,,,57
,,,,7
,,,,32
,,,,4
,,,,4
,,,,6
,,,,4
,,,,1
,,,,1
,,,,1
,,,,3
,,,,1
,,,,1
,,,,4
,,,,6
,,,,502
,,,,1
,,,,1
,,,,1
,,,,1
,,,,1
,,,,1
,,,,1
,,,,1
,,,,1
,,,,2
,,,,1
,,,,24
,,,,1
,,,,1
,,,,2
,,,,1
,,,,4
,,,,6
,,,,1
,,,,1
,,,,1
,,,,1
,,,,1
,,,,1
,,,,1
,,,,3
,,,,1
,,,,1
,,,,1
,,,,5
,,,,3
,,,,11
,,,,5
,,,,26
,,,,24
,,,,6
,,,,1
,,,,24
,,,,3
,,,,46
,,,,1
,,,,1
,,,,1
,,,,3
,,,,3
,,,,69
,,,,5
,,,,3
,,,,1
,,,,14
,,,,4
,,,,3
,,,,85
,,,,20
,,,,1
,,,,2
,,,,3
,,,,2
,,,,28
,,,,1
,,,,2
,,,,1
,,,,2
,,,,2
,,,,2
,,,,53
,,,,3
,,,,1
,,,,8
,,,,3
,,,,1
,,,,40
,,,,1
,,,,3
,,,,28
,,,,8
,,,,1
,,,,1
,,,,1
,,,,2
,,,,2
,,,,17
,,,,2
,,,,1
,,,,1
,,,,2
,,,,2
,,,,1
,,,,4
,,,,41
,,,,2
,,,,3
,,,,5
,,,,7
,,,,20
,,,,6
,,,,10
,,,,1
,,,,33
,,,,10
,,,,5
,,,,14
,,,,5
,,,,11
,,,,9
,,,,2
,,,,15
,,,,1
,,,,3
,,,,11
,,,,2
,,,,4
,,,,11
,,,,97
,,,,2
,,,,4
,,,,1
,,,,1
,,,,67
,,,,1
,,,,5
,,,,15
,,,,1
,,,,1
,,,,1
,,,,11
,,,,1
,,,,1
,,,,7
,,,,13
,,,,11
,,,,2
,,,,1
,,,,1
,,,,1
,,,,1
,,,,2
,,,,15
,,,,3
,,,,2
,,,,7
,,,,1
,,,,1
,,,,2
,,,,4
,,,,2
,,,,1
,,,,8
,,,,2
,,,,28
,,,,7
,,,,2
,,,,3
,,,,227
,,,,26
,,,,7
,,,,2
,,,,1
,,,,131
,,,,1
,,,,9
,,,,1
,,,,58
,,,,2
,,,,1
,,,,3
,,,,27
,,,,2
,,,,12
,,,,18
,,,,17
,,,,4
,,,,1
,,,,11
,,,,1
,,,,2
,,,,245
,,,,5
,,,,4
,,,,5
,,,,21
,,,,3
,,,,4
,,,,1
,,,,5
,,,,2
,,,,1
,,,,1
,,,,1
,,,,3
,,,,1
,,,,50
,,,,1
,,,,2
,,,,5
,,,,1
,,,,2
,,,,11
,,,,2
,,,,3
,,,,52
,,,,1
,,,,10
,,,,22
,,,,3
,,,,2
,,,,4
,,,,34
,,,,1
,,,,8
,,,,2
,,,,2
,,,,6
,,,,5
,,,,4
,,,,57
,,,,11
,,,,3
,,,,6
,,,,5
,,,,4
,,,,1
,,,,1
,,,,2
,,,,36
,,,,3
,,,,19
,,,,1
,,,,1
,,,,36
,,,,2
,,,,4
,,,,1
,,,,3
,,,,1
,,,,1
,,,,1
,,,,3
,,,,2
,,,,21
,,,,4
,,,,27
,,,,1
,,,,56
,,,,59
,,,,4
,,,,29
,,,,4
,,,,1
,,,,1
,,,,2
,,,,3
,,,,310
,,,,1
,,,,3
,,,,1
,,,,1
,,,,18
,,,,1
,,,,2
,,,,1
,,,,1
,,,,1
,,,,8
,,,,6
,,,,1
,,,,15
,,,,12
,,,,3
,,,,16
,,,,3
,,,,39
,,,,1
,,,,1
,,,,2
,,,,6
,,,,2
,,,,28
,,,,8
,,,,1
,,,,13
,,,,2
,,,,1
,,,,46
,,,,9
,,,,3
,,,,2
,,,,2
