,CoreFX,CoreCLR,Roslyn,Rust,Kubernetes
0,6.0,1.0,1.0,1.0,1.0
1,6.0,18.0,1.0,1.0,3.0
2,9.0,16.0,3.0,34.0,12.0
3,3.0,4.0,3.0,2.0,2.0
4,1.0,6.0,10.0,1.0,11.0
5,2.0,19.0,1.0,2.0,1.0
6,71.0,49.0,4.0,1.0,1.0
7,11.0,18.0,4.0,93.0,3.0
8,1.0,7.0,26.0,1.0,5.0
9,47.0,31.0,2.0,2.0,2.0
10,20.0,1.0,66.0,7.0,2.0
11,17.0,10.0,120.0,1.0,2.0
12,2.0,3.0,5.0,2.0,1.0
13,1.0,10.0,104.0,1.0,3.0
14,1.0,2.0,10.0,3.0,1.0
15,2.0,4.0,7.0,7.0,2.0
16,20.0,9.0,11.0,4.0,1.0
17,14.0,1.0,5.0,1.0,1.0
18,2.0,1.0,2.0,1.0,1.0
19,3.0,26.0,1.0,404.0,2.0
20,4.0,4.0,3.0,1.0,77.0
21,2.0,7.0,21.0,2.0,4.0
22,6.0,1.0,95.0,9.0,7.0
23,3.0,12.0,32.0,3.0,2.0
24,2.0,1.0,3.0,183.0,1.0
25,7.0,6.0,6.0,1.0,8.0
26,9.0,5.0,3.0,2.0,2.0
27,2.0,2.0,3.0,1.0,1.0
28,1.0,1.0,3.0,38.0,2.0
29,1.0,1.0,1.0,1.0,2.0
30,3.0,5.0,1.0,2.0,2.0
31,2.0,7.0,24.0,1.0,3.0
32,2.0,9.0,1.0,1.0,6.0
33,2.0,1.0,14.0,10.0,4.0
34,1.0,4.0,55.0,4.0,1.0
35,1.0,7.0,2.0,1.0,1.0
36,2.0,3.0,9.0,1.0,16.0
37,5.0,1.0,2.0,1.0,3.0
38,1.0,2.0,14.0,241.0,2.0
39,5.0,2.0,7.0,1.0,21.0
40,9.0,5.0,12.0,2.0,2.0
41,2.0,25.0,22.0,1.0,1.0
42,1.0,2.0,5.0,1.0,1.0
43,11.0,5.0,6.0,78.0,1.0
44,2.0,1.0,5.0,1.0,7.0
45,5.0,37.0,3.0,2.0,33.0
46,1.0,19.0,4.0,1.0,1.0
47,8.0,1.0,2.0,2.0,5.0
48,8.0,1.0,4.0,1.0,3.0
49,2.0,12.0,4.0,1.0,2.0
50,1.0,6.0,6.0,1.0,1.0
51,1.0,2.0,15.0,50.0,2.0
52,5.0,43.0,7.0,1.0,3.0
53,1.0,47.0,61.0,2.0,2.0
54,1.0,66.0,1.0,1.0,5.0
55,4.0,7.0,10.0,1.0,2.0
56,2.0,2.0,31.0,21.0,4.0
57,1.0,2.0,52.0,1.0,12.0
58,12.0,21.0,9.0,2.0,40.0
59,1.0,61.0,101.0,2.0,4.0
60,12.0,1.0,1.0,2.0,1.0
61,2.0,1.0,2.0,8.0,1.0
62,1.0,2.0,3.0,12.0,4.0
63,2.0,73.0,1.0,1.0,2.0
64,3.0,1.0,1.0,26.0,11.0
65,2.0,34.0,96.0,3.0,11.0
66,1.0,53.0,16.0,24.0,5.0
67,2.0,6.0,112.0,2.0,1.0
68,1.0,12.0,124.0,1.0,2.0
69,9.0,2.0,2.0,2.0,19.0
70,17.0,8.0,3.0,1.0,1.0
71,1.0,50.0,7.0,1.0,1.0
72,4.0,33.0,2.0,2.0,2.0
73,2.0,60.0,81.0,1.0,1.0
74,24.0,102.0,1.0,2.0,2.0
75,4.0,2.0,24.0,1.0,1.0
76,1.0,4.0,4.0,6.0,46.0
77,44.0,4.0,14.0,277.0,3.0
78,2.0,4.0,2.0,1.0,2.0
79,3.0,1.0,15.0,2.0,4.0
80,4.0,1.0,2.0,2.0,1.0
81,6.0,1.0,117.0,7.0,6.0
82,1.0,13.0,4.0,1.0,2.0
83,2.0,1.0,1.0,1.0,6.0
84,1.0,3.0,2.0,4.0,9.0
85,25.0,4.0,1.0,6.0,3.0
86,22.0,1.0,10.0,1.0,4.0
87,10.0,4.0,3.0,2.0,20.0
88,6.0,1.0,3.0,1.0,2.0
89,14.0,3.0,4.0,1.0,39.0
90,9.0,3.0,1.0,1.0,9.0
91,24.0,11.0,4.0,10.0,1.0
92,1.0,2.0,31.0,1.0,1.0
93,3.0,2.0,434.0,1.0,24.0
94,1.0,1.0,1.0,1.0,7.0
95,1.0,9.0,2.0,2.0,12.0
96,2.0,22.0,1.0,1.0,1.0
97,1.0,1.0,1.0,2.0,1.0
98,2.0,4.0,2.0,1.0,3.0
99,1.0,17.0,3.0,2.0,2.0
100,1.0,6.0,8.0,3.0,7.0
101,1.0,2.0,1.0,3.0,1.0
102,1.0,70.0,1.0,2.0,2.0
103,1.0,48.0,17.0,2.0,3.0
104,3.0,6.0,9.0,1.0,3.0
105,7.0,1.0,9.0,3.0,3.0
106,15.0,12.0,1.0,147.0,10.0
107,15.0,5.0,7.0,10.0,3.0
108,2.0,4.0,4.0,1.0,85.0
109,4.0,1.0,53.0,1.0,2.0
110,5.0,8.0,2.0,2.0,1.0
111,13.0,2.0,29.0,37.0,8.0
112,1.0,3.0,1.0,1.0,12.0
113,8.0,3.0,9.0,7.0,1.0
114,2.0,1.0,14.0,3.0,2.0
115,8.0,5.0,2.0,1.0,65.0
116,95.0,2.0,30.0,4.0,28.0
117,1.0,2.0,37.0,16.0,238.0
118,4.0,4.0,19.0,1.0,1.0
119,1.0,12.0,19.0,1.0,207.0
120,5.0,49.0,36.0,16.0,66.0
121,1.0,49.0,10.0,1.0,8.0
122,11.0,6.0,3.0,1.0,2.0
123,4.0,3.0,154.0,1.0,59.0
124,4.0,4.0,11.0,8.0,2.0
125,12.0,9.0,2.0,1.0,1.0
126,3.0,7.0,45.0,1.0,10.0
127,159.0,7.0,3.0,8.0,5.0
128,10.0,1.0,2.0,8.0,1.0
129,7.0,28.0,2.0,1.0,1.0
130,1.0,2.0,3.0,4.0,20.0
131,28.0,3.0,5.0,2.0,22.0
132,8.0,1.0,83.0,2.0,4.0
133,14.0,2.0,46.0,1.0,27.0
134,81.0,5.0,2.0,3.0,1.0
135,27.0,7.0,27.0,4.0,56.0
136,2.0,3.0,60.0,3.0,3.0
137,1.0,1.0,56.0,1.0,48.0
138,62.0,1.0,1.0,3.0,12.0
139,4.0,1.0,13.0,31.0,3.0
140,2.0,6.0,2.0,4.0,11.0
141,1.0,10.0,5.0,2.0,1.0
142,13.0,1.0,7.0,2.0,3.0
143,23.0,3.0,9.0,1.0,3.0
144,102.0,16.0,4.0,1.0,1.0
145,75.0,7.0,50.0,2.0,3.0
146,17.0,1.0,3.0,1.0,1.0
147,76.0,2.0,98.0,5.0,5.0
148,2.0,1.0,121.0,1.0,2.0
149,1.0,38.0,1.0,3.0,1.0
150,1.0,3.0,13.0,10.0,4.0
151,32.0,2.0,201.0,3.0,1.0
152,4.0,11.0,1.0,1.0,2.0
153,32.0,39.0,1.0,1.0,23.0
154,1.0,2.0,134.0,3.0,1.0
155,3.0,2.0,87.0,1.0,2.0
156,1.0,1.0,2.0,3.0,29.0
157,2.0,3.0,5.0,1.0,3.0
158,4.0,2.0,21.0,1.0,29.0
159,1.0,30.0,1.0,2.0,5.0
160,27.0,4.0,17.0,1.0,3.0
161,55.0,5.0,1.0,4.0,1.0
162,3.0,3.0,74.0,2.0,24.0
163,51.0,1.0,12.0,94.0,2.0
164,5.0,3.0,69.0,7.0,40.0
165,5.0,1.0,19.0,2.0,1.0
166,2.0,1.0,11.0,1.0,2.0
167,14.0,145.0,15.0,1.0,15.0
168,3.0,20.0,18.0,2.0,1.0
169,63.0,218.0,3.0,1.0,3.0
170,5.0,11.0,1.0,14.0,1.0
171,1.0,43.0,1.0,83.0,1.0
172,1.0,12.0,141.0,1.0,2.0
173,101.0,1.0,3.0,64.0,5.0
174,1.0,1.0,21.0,1.0,3.0
175,4.0,174.0,3.0,7.0,1.0
176,4.0,5.0,10.0,1.0,5.0
177,1.0,1.0,4.0,1.0,3.0
178,14.0,5.0,1.0,1.0,4.0
179,2.0,3.0,4.0,1.0,28.0
180,10.0,71.0,1.0,1.0,1.0
181,1.0,7.0,4.0,16.0,21.0
182,5.0,1.0,24.0,75.0,22.0
183,1.0,202.0,1.0,2.0,6.0
184,3.0,3.0,2.0,1.0,9.0
185,1.0,60.0,8.0,2.0,3.0
186,1.0,5.0,5.0,1.0,2.0
187,13.0,1.0,3.0,1.0,19.0
188,8.0,2.0,131.0,1.0,1.0
189,5.0,1.0,117.0,1.0,1.0
190,52.0,19.0,2.0,5.0,1.0
191,4.0,2.0,33.0,3.0,1.0
192,51.0,13.0,1.0,1.0,12.0
193,1.0,2.0,3.0,1.0,3.0
194,43.0,2.0,13.0,2.0,73.0
195,4.0,4.0,1.0,4.0,7.0
196,1.0,11.0,40.0,1.0,1.0
197,1.0,25.0,38.0,2.0,104.0
198,2.0,1.0,2.0,1.0,105.0
199,16.0,88.0,3.0,1.0,6.0
200,30.0,1.0,3.0,14.0,1.0
201,7.0,5.0,11.0,1.0,8.0
202,1.0,1.0,35.0,1.0,1.0
203,1.0,8.0,35.0,1.0,1.0
204,26.0,15.0,16.0,1.0,133.0
205,3.0,1.0,11.0,1.0,141.0
206,72.0,1.0,3.0,12.0,1.0
207,2.0,1.0,4.0,1.0,1.0
208,5.0,12.0,2.0,1.0,1.0
209,5.0,4.0,1.0,6.0,36.0
210,3.0,1.0,2.0,5.0,1.0
211,4.0,2.0,64.0,1.0,5.0
212,2.0,1.0,1.0,9.0,6.0
213,2.0,6.0,2.0,7.0,2.0
214,7.0,23.0,2.0,1.0,4.0
215,3.0,1.0,2.0,22.0,3.0
216,5.0,2.0,4.0,1.0,6.0
217,3.0,1.0,3.0,1.0,38.0
218,27.0,3.0,10.0,1.0,27.0
219,4.0,4.0,1.0,1.0,1.0
220,1.0,2.0,13.0,1.0,123.0
221,1.0,1.0,7.0,14.0,170.0
222,2.0,4.0,13.0,1.0,3.0
223,54.0,17.0,1.0,1.0,4.0
224,1.0,4.0,4.0,7.0,62.0
225,6.0,1.0,4.0,1.0,2.0
226,45.0,3.0,7.0,1.0,3.0
227,30.0,9.0,1.0,4.0,7.0
228,1.0,15.0,4.0,1.0,21.0
229,2.0,191.0,1.0,3.0,8.0
230,6.0,10.0,1.0,2.0,7.0
231,2.0,2.0,34.0,9.0,3.0
232,3.0,4.0,2.0,1.0,6.0
233,2.0,4.0,3.0,3.0,35.0
234,5.0,19.0,1.0,1.0,1.0
235,10.0,6.0,2.0,1.0,3.0
236,2.0,12.0,8.0,2.0,1.0
237,35.0,10.0,3.0,2.0,1.0
238,4.0,1.0,5.0,2.0,1.0
239,24.0,2.0,2.0,40.0,6.0
240,1.0,1.0,77.0,1.0,8.0
241,4.0,10.0,1.0,1.0,3.0
242,29.0,1.0,3.0,1.0,33.0
243,11.0,3.0,4.0,1.0,11.0
244,1.0,51.0,62.0,1.0,1.0
245,5.0,17.0,115.0,1.0,23.0
246,41.0,3.0,4.0,1.0,7.0
247,44.0,3.0,1.0,3.0,16.0
248,3.0,3.0,3.0,3.0,42.0
249,1.0,6.0,1.0,4.0,6.0
250,1.0,4.0,3.0,1.0,2.0
251,1.0,41.0,1.0,1.0,13.0
252,24.0,3.0,1.0,12.0,1.0
253,5.0,1.0,17.0,1.0,91.0
254,1.0,11.0,7.0,1.0,46.0
255,9.0,4.0,4.0,1.0,1.0
256,1.0,7.0,8.0,2.0,80.0
257,5.0,12.0,10.0,2.0,43.0
258,1.0,1.0,186.0,1.0,3.0
259,18.0,7.0,2.0,1.0,35.0
260,2.0,6.0,4.0,1.0,152.0
261,1.0,1.0,3.0,1.0,5.0
262,12.0,1.0,8.0,23.0,3.0
263,1.0,3.0,4.0,1.0,25.0
264,7.0,12.0,36.0,13.0,17.0
265,2.0,58.0,3.0,6.0,8.0
266,6.0,31.0,54.0,12.0,3.0
267,4.0,4.0,1.0,1.0,166.0
268,4.0,24.0,7.0,2.0,68.0
269,17.0,28.0,14.0,2.0,11.0
270,3.0,12.0,2.0,1.0,26.0
271,6.0,9.0,128.0,2.0,40.0
272,11.0,15.0,3.0,1.0,1.0
273,1.0,1.0,1.0,19.0,58.0
274,62.0,1.0,1.0,35.0,39.0
275,34.0,3.0,5.0,2.0,76.0
276,1.0,2.0,5.0,28.0,1.0
277,8.0,4.0,1.0,3.0,7.0
278,1.0,3.0,5.0,1.0,18.0
279,2.0,9.0,2.0,2.0,7.0
280,8.0,1.0,12.0,10.0,1.0
281,53.0,3.0,1.0,3.0,1.0
282,21.0,14.0,34.0,7.0,4.0
283,2.0,2.0,4.0,53.0,1.0
284,23.0,4.0,1.0,1.0,2.0
285,1.0,26.0,6.0,2.0,3.0
286,7.0,1.0,16.0,1.0,1.0
287,30.0,9.0,2.0,1.0,7.0
288,7.0,5.0,1.0,1.0,5.0
289,4.0,7.0,1.0,1.0,1.0
290,21.0,24.0,5.0,1.0,1.0
291,12.0,8.0,5.0,11.0,85.0
292,1.0,9.0,13.0,44.0,11.0
293,2.0,8.0,3.0,1.0,6.0
294,6.0,5.0,8.0,1.0,1.0
295,1.0,1.0,1.0,1.0,4.0
296,11.0,1.0,2.0,1.0,39.0
297,1.0,2.0,38.0,1.0,52.0
298,1.0,7.0,1.0,2.0,1.0
299,2.0,24.0,4.0,1.0,1.0
300,13.0,3.0,7.0,20.0,1.0
301,1.0,1.0,18.0,3.0,1.0
302,4.0,4.0,12.0,2.0,8.0
303,1.0,29.0,3.0,1.0,22.0
304,23.0,23.0,45.0,1.0,5.0
305,2.0,2.0,8.0,1.0,1.0
306,3.0,7.0,20.0,1.0,2.0
307,15.0,21.0,24.0,3.0,5.0
308,1.0,2.0,2.0,4.0,1.0
309,2.0,1.0,29.0,16.0,1.0
310,1.0,1.0,1.0,2.0,134.0
311,13.0,11.0,6.0,1.0,18.0
312,1.0,3.0,2.0,1.0,94.0
313,18.0,1.0,6.0,1.0,3.0
314,2.0,1.0,10.0,1.0,1.0
315,1.0,1.0,2.0,1.0,1.0
316,2.0,8.0,8.0,1.0,207.0
317,12.0,24.0,1.0,4.0,1.0
318,19.0,1.0,22.0,6.0,1.0
319,2.0,3.0,1.0,1.0,6.0
320,1.0,3.0,1.0,1.0,1.0
321,23.0,6.0,1.0,1.0,1.0
322,4.0,2.0,1.0,4.0,5.0
323,4.0,1.0,1.0,3.0,1.0
324,1.0,3.0,2.0,1.0,7.0
325,4.0,10.0,6.0,1.0,12.0
326,4.0,1.0,2.0,1.0,7.0
327,1.0,4.0,14.0,1.0,6.0
328,11.0,1.0,1.0,55.0,14.0
329,1.0,1.0,1.0,2.0,45.0
330,1.0,3.0,8.0,2.0,51.0
331,10.0,1.0,1.0,10.0,37.0
332,1.0,41.0,1.0,1.0,17.0
333,8.0,4.0,16.0,10.0,27.0
334,66.0,6.0,1.0,1.0,5.0
335,51.0,22.0,1.0,1.0,1.0
336,2.0,10.0,1.0,2.0,38.0
337,1.0,30.0,1.0,61.0,12.0
338,2.0,1.0,1.0,1.0,64.0
339,23.0,3.0,4.0,1.0,40.0
340,1.0,1.0,3.0,3.0,91.0
341,9.0,3.0,2.0,4.0,3.0
342,46.0,2.0,1.0,1.0,54.0
343,35.0,6.0,2.0,9.0,6.0
344,14.0,4.0,1.0,24.0,1.0
345,7.0,33.0,1.0,1.0,1.0
346,11.0,57.0,2.0,2.0,18.0
347,15.0,33.0,1.0,5.0,7.0
348,16.0,4.0,2.0,2.0,2.0
349,3.0,1.0,1.0,2.0,1.0
350,1.0,2.0,1.0,1.0,17.0
351,6.0,9.0,1.0,1.0,1.0
352,2.0,4.0,1.0,1.0,26.0
353,1.0,23.0,1.0,1.0,1.0
354,3.0,1.0,1.0,1.0,1.0
355,2.0,11.0,1.0,1.0,11.0
356,2.0,1.0,1.0,117.0,13.0
357,4.0,6.0,26.0,2.0,1.0
358,27.0,4.0,4.0,1.0,3.0
359,2.0,32.0,1.0,85.0,1.0
360,2.0,1.0,1.0,1.0,1.0
361,1.0,1.0,4.0,28.0,14.0
362,2.0,2.0,21.0,1.0,9.0
363,1.0,4.0,2.0,1.0,1.0
364,3.0,6.0,33.0,1.0,3.0
365,2.0,1.0,1.0,5.0,3.0
366,1.0,43.0,4.0,26.0,4.0
367,2.0,1.0,6.0,1.0,2.0
368,5.0,1.0,1.0,1.0,2.0
369,1.0,1.0,1.0,4.0,2.0
370,1.0,34.0,14.0,1.0,3.0
371,19.0,3.0,2.0,1.0,24.0
372,23.0,47.0,1.0,1.0,3.0
373,1.0,34.0,2.0,2.0,4.0
374,1.0,2.0,1.0,1.0,35.0
375,8.0,9.0,2.0,2.0,4.0
376,20.0,4.0,1.0,4.0,5.0
377,1.0,28.0,27.0,3.0,4.0
378,12.0,6.0,1.0,1.0,2.0
379,1.0,48.0,2.0,3.0,56.0
380,1.0,1.0,1.0,1.0,3.0
381,8.0,38.0,98.0,5.0,1.0
382,1.0,69.0,1.0,1.0,1.0
383,1.0,5.0,35.0,1.0,5.0
384,3.0,29.0,72.0,3.0,19.0
385,1.0,9.0,1.0,2.0,7.0
386,1.0,11.0,2.0,1.0,15.0
387,2.0,1.0,5.0,1.0,2.0
388,3.0,17.0,130.0,1.0,28.0
389,14.0,35.0,1.0,5.0,1.0
390,14.0,4.0,1.0,1.0,1.0
391,1.0,43.0,1.0,59.0,1.0
392,5.0,2.0,6.0,3.0,17.0
393,2.0,2.0,2.0,1.0,5.0
394,9.0,2.0,40.0,2.0,2.0
395,1.0,1.0,1.0,1.0,3.0
396,2.0,6.0,3.0,6.0,1.0
397,2.0,2.0,38.0,1.0,1.0
398,2.0,6.0,7.0,1.0,1.0
399,7.0,20.0,5.0,3.0,19.0
400,1.0,1.0,5.0,3.0,9.0
401,23.0,3.0,40.0,7.0,1.0
402,1.0,1.0,1.0,2.0,3.0
403,1.0,14.0,2.0,2.0,1.0
404,15.0,1.0,7.0,1.0,41.0
405,2.0,1.0,1.0,2.0,2.0
406,1.0,17.0,1.0,4.0,7.0
407,1.0,5.0,3.0,9.0,1.0
408,1.0,4.0,2.0,1.0,1.0
409,1.0,1.0,2.0,1.0,3.0
410,1.0,1.0,36.0,2.0,9.0
411,1.0,1.0,116.0,1.0,4.0
412,3.0,1.0,3.0,1.0,12.0
413,11.0,1.0,5.0,17.0,3.0
414,2.0,1.0,8.0,2.0,1.0
415,1.0,4.0,4.0,1.0,1.0
416,1.0,1.0,1.0,1.0,14.0
417,1.0,2.0,5.0,3.0,1.0
418,35.0,1.0,22.0,1.0,3.0
419,31.0,51.0,30.0,1.0,1.0
420,17.0,5.0,3.0,1.0,14.0
421,18.0,1.0,6.0,1.0,1.0
422,1.0,2.0,23.0,1.0,11.0
423,1.0,1.0,7.0,1.0,4.0
424,105.0,1.0,2.0,6.0,1.0
425,3.0,1.0,4.0,1.0,3.0
426,1.0,1.0,7.0,1.0,2.0
427,1.0,1.0,8.0,1.0,17.0
428,2.0,1.0,12.0,2.0,31.0
429,2.0,1.0,6.0,1.0,60.0
430,1.0,2.0,11.0,5.0,1.0
431,8.0,1.0,2.0,3.0,1.0
432,2.0,2.0,12.0,6.0,20.0
433,6.0,2.0,5.0,1.0,10.0
434,17.0,18.0,3.0,2.0,1.0
435,1.0,24.0,6.0,8.0,4.0
436,3.0,11.0,42.0,1.0,1.0
437,1.0,9.0,7.0,1.0,1.0
438,13.0,105.0,33.0,1.0,1.0
439,1.0,3.0,1.0,6.0,58.0
440,2.0,3.0,1.0,4.0,9.0
441,11.0,2.0,4.0,2.0,4.0
442,1.0,1.0,10.0,1.0,1.0
443,1.0,1.0,5.0,1.0,23.0
444,12.0,16.0,67.0,2.0,3.0
445,2.0,6.0,10.0,5.0,1.0
446,1.0,1.0,1.0,1.0,1.0
447,23.0,1.0,97.0,1.0,3.0
448,1.0,2.0,3.0,8.0,5.0
449,3.0,3.0,10.0,1.0,1.0
450,1.0,1.0,3.0,1.0,9.0
451,1.0,2.0,1.0,1.0,48.0
452,1.0,1.0,29.0,1.0,2.0
453,28.0,10.0,1.0,3.0,2.0
454,3.0,7.0,10.0,1.0,6.0
455,21.0,2.0,5.0,1.0,1.0
456,27.0,1.0,9.0,5.0,19.0
457,2.0,1.0,1.0,4.0,3.0
458,12.0,1.0,7.0,2.0,2.0
459,2.0,1.0,97.0,1.0,4.0
460,445.0,1.0,1.0,3.0,11.0
461,366.0,1.0,1.0,3.0,18.0
462,6.0,24.0,1.0,6.0,5.0
463,114.0,6.0,2.0,5.0,1.0
464,2.0,1.0,8.0,5.0,65.0
465,1.0,37.0,4.0,1.0,1.0
466,1.0,1.0,18.0,1.0,66.0
467,5.0,1.0,124.0,3.0,8.0
468,1.0,1.0,34.0,1.0,1.0
469,12.0,2.0,3.0,1.0,1.0
470,7.0,3.0,3.0,4.0,1.0
471,3.0,3.0,1.0,2.0,8.0
472,7.0,13.0,10.0,16.0,1.0
473,10.0,1.0,2.0,3.0,18.0
474,5.0,16.0,5.0,12.0,6.0
475,7.0,1.0,27.0,1.0,1.0
476,25.0,17.0,25.0,1.0,1.0
477,5.0,1.0,107.0,1.0,1.0
478,5.0,11.0,6.0,2.0,2.0
479,36.0,3.0,32.0,1.0,3.0
480,1.0,15.0,6.0,1.0,1.0
481,1.0,60.0,2.0,1.0,2.0
482,4.0,1.0,41.0,1.0,3.0
483,2.0,1.0,28.0,17.0,2.0
484,4.0,23.0,1.0,1.0,2.0
485,1.0,2.0,303.0,2.0,4.0
486,45.0,16.0,2.0,114.0,123.0
487,4.0,18.0,1.0,29.0,6.0
488,2.0,12.0,1.0,6.0,3.0
489,18.0,1.0,10.0,3.0,22.0
490,3.0,1.0,2.0,1.0,2.0
491,6.0,5.0,192.0,1.0,1.0
492,392.0,1.0,4.0,1.0,2.0
493,7.0,1.0,4.0,1.0,72.0
494,1.0,7.0,4.0,6.0,2.0
495,19.0,3.0,2.0,3.0,16.0
496,2.0,5.0,2.0,6.0,1.0
497,15.0,12.0,58.0,6.0,7.0
498,292.0,7.0,30.0,8.0,1.0
499,5.0,63.0,119.0,1.0,55.0
500,4.0,5.0,7.0,2.0,1.0
501,3.0,3.0,5.0,1.0,2.0
502,1.0,2.0,60.0,5.0,2.0
503,3.0,1.0,1.0,1.0,15.0
504,1.0,1.0,62.0,5.0,6.0
505,1.0,15.0,15.0,1.0,1.0
506,1.0,11.0,11.0,1.0,2.0
507,3.0,4.0,3.0,1.0,4.0
508,1.0,1.0,1.0,1.0,9.0
509,1.0,1.0,1.0,2.0,2.0
510,2.0,1.0,28.0,1.0,1.0
511,7.0,7.0,8.0,1.0,3.0
512,1.0,1.0,1.0,1.0,1.0
513,1.0,2.0,1.0,2.0,2.0
514,1.0,1.0,1.0,15.0,1.0
515,1.0,1.0,3.0,1.0,6.0
516,3.0,2.0,60.0,2.0,3.0
517,4.0,7.0,3.0,1.0,1.0
518,7.0,2.0,18.0,2.0,3.0
519,3.0,15.0,1.0,1.0,1.0
520,4.0,16.0,114.0,2.0,3.0
521,1.0,18.0,21.0,5.0,1.0
522,1.0,5.0,25.0,7.0,1.0
523,1.0,6.0,50.0,5.0,4.0
524,1.0,1.0,2.0,1.0,17.0
525,1.0,1.0,35.0,8.0,13.0
526,2.0,1.0,8.0,2.0,2.0
527,1.0,11.0,41.0,1.0,1.0
528,1.0,6.0,1.0,2.0,8.0
529,6.0,1.0,1.0,2.0,1.0
530,1.0,5.0,44.0,3.0,14.0
531,42.0,61.0,12.0,2.0,19.0
532,1.0,6.0,9.0,1.0,1.0
533,2.0,4.0,146.0,1.0,16.0
534,1.0,2.0,3.0,1.0,24.0
535,1.0,1.0,1.0,4.0,4.0
536,1.0,47.0,51.0,1.0,1.0
537,1.0,11.0,46.0,1.0,19.0
538,1.0,81.0,10.0,3.0,1.0
539,1.0,1.0,37.0,12.0,56.0
540,2.0,78.0,1.0,17.0,34.0
541,1.0,6.0,114.0,2.0,8.0
542,1.0,14.0,3.0,1.0,261.0
543,2.0,33.0,2.0,1.0,1.0
544,1.0,32.0,2.0,67.0,13.0
545,9.0,68.0,53.0,4.0,3.0
546,7.0,39.0,13.0,1.0,3.0
547,2.0,5.0,46.0,2.0,4.0
548,1.0,70.0,37.0,1.0,1.0
549,15.0,132.0,17.0,2.0,153.0
550,2.0,1.0,15.0,5.0,1.0
551,8.0,41.0,47.0,1.0,1.0
552,1.0,1.0,37.0,1.0,3.0
553,1.0,18.0,53.0,15.0,3.0
554,1.0,3.0,2.0,3.0,9.0
555,1.0,8.0,22.0,2.0,1.0
556,1.0,1.0,5.0,2.0,5.0
557,2.0,1.0,3.0,7.0,1.0
558,1.0,2.0,44.0,1.0,1.0
559,1.0,4.0,24.0,1.0,23.0
560,9.0,4.0,13.0,2.0,6.0
561,3.0,1.0,5.0,1.0,1.0
562,1.0,1.0,9.0,40.0,11.0
563,1.0,8.0,97.0,1.0,32.0
564,53.0,10.0,1.0,1.0,78.0
565,1.0,23.0,4.0,1.0,32.0
566,1.0,4.0,1.0,2.0,30.0
567,7.0,85.0,2.0,1.0,14.0
568,1.0,2.0,1.0,30.0,11.0
569,22.0,2.0,157.0,3.0,242.0
570,1.0,1.0,2.0,2.0,1.0
571,1.0,5.0,8.0,2.0,14.0
572,8.0,2.0,5.0,4.0,2.0
573,1.0,3.0,2.0,1.0,53.0
574,1.0,1.0,2.0,4.0,52.0
575,1.0,2.0,17.0,8.0,1.0
576,1.0,27.0,17.0,2.0,1.0
577,2.0,14.0,1.0,52.0,5.0
578,1.0,5.0,22.0,3.0,1549.0
579,1.0,2.0,16.0,2.0,386.0
580,102.0,5.0,2.0,47.0,4.0
581,51.0,36.0,6.0,1.0,1.0
582,2.0,3.0,2.0,3.0,422.0
583,85.0,1.0,1.0,1.0,4.0
584,13.0,6.0,25.0,1.0,55.0
585,1.0,5.0,174.0,1.0,1.0
586,4.0,5.0,1.0,3.0,2.0
587,3.0,15.0,10.0,1.0,5.0
588,1.0,1.0,59.0,6.0,2.0
589,1.0,3.0,3.0,1.0,199.0
590,100.0,1.0,1.0,38.0,1.0
591,2.0,5.0,2.0,3.0,4.0
592,1.0,24.0,5.0,1.0,1.0
593,167.0,7.0,1.0,1.0,218.0
594,4.0,1.0,3.0,4.0,7.0
595,6.0,1.0,1.0,1.0,36.0
596,2.0,3.0,1.0,2.0,2.0
597,1.0,1.0,3.0,2.0,4.0
598,1.0,6.0,2.0,7.0,1.0
599,2.0,2.0,5.0,1.0,5.0
600,2.0,2.0,1.0,3.0,13.0
601,2.0,9.0,9.0,160.0,1.0
602,1.0,1.0,1.0,1.0,7.0
603,2.0,7.0,109.0,1.0,5.0
604,4.0,4.0,2.0,2.0,2.0
605,4.0,15.0,2.0,10.0,17.0
606,3.0,5.0,5.0,1.0,22.0
607,3.0,9.0,111.0,3.0,26.0
608,1.0,4.0,4.0,2.0,17.0
609,6.0,2.0,3.0,5.0,2.0
610,2.0,2.0,59.0,2.0,2.0
611,1.0,13.0,2.0,1.0,7.0
612,4.0,3.0,8.0,7.0,4.0
613,3.0,1.0,4.0,1.0,1.0
614,2.0,3.0,3.0,94.0,1.0
615,15.0,6.0,3.0,1.0,3.0
616,6.0,1.0,3.0,91.0,1.0
617,1.0,7.0,45.0,4.0,5.0
618,2.0,5.0,153.0,1.0,31.0
619,5.0,6.0,3.0,74.0,3.0
620,1.0,2.0,56.0,1.0,2.0
621,10.0,1.0,1.0,1.0,10.0
622,1.0,2.0,2.0,2.0,24.0
623,4.0,43.0,56.0,10.0,3.0
624,1.0,3.0,3.0,2.0,2.0
625,4.0,10.0,8.0,3.0,1.0
626,3.0,2.0,2.0,1.0,22.0
627,2.0,2.0,8.0,1.0,25.0
628,1.0,35.0,35.0,1.0,31.0
629,4.0,5.0,5.0,6.0,1.0
630,1.0,2.0,1.0,1.0,1.0
631,1.0,3.0,4.0,1.0,2.0
632,4.0,13.0,1.0,2.0,53.0
633,1.0,7.0,1.0,6.0,1.0
634,2.0,6.0,3.0,118.0,2.0
635,1.0,6.0,1.0,2.0,1.0
636,2.0,11.0,15.0,4.0,21.0
637,3.0,1.0,6.0,2.0,3.0
638,37.0,2.0,14.0,1.0,2.0
639,5.0,2.0,45.0,1.0,92.0
640,4.0,1.0,15.0,7.0,24.0
641,2.0,1.0,2.0,1.0,1.0
642,3.0,4.0,3.0,8.0,1.0
643,3.0,1.0,4.0,2.0,7.0
644,1.0,3.0,31.0,2.0,10.0
645,1.0,21.0,1.0,2.0,1.0
646,2.0,1.0,11.0,45.0,1.0
647,1.0,1.0,30.0,1.0,1.0
648,3.0,19.0,2.0,118.0,1.0
649,1.0,4.0,3.0,1.0,10.0
650,6.0,3.0,3.0,2.0,1.0
651,6.0,3.0,34.0,1.0,3.0
652,2.0,163.0,4.0,1.0,1.0
653,1.0,143.0,2.0,15.0,32.0
654,11.0,1.0,1.0,1.0,1.0
655,1.0,3.0,128.0,1.0,1.0
656,1.0,2.0,4.0,1.0,1.0
657,14.0,2.0,6.0,11.0,3.0
658,5.0,55.0,2.0,1.0,5.0
659,3.0,8.0,8.0,27.0,1.0
660,1.0,83.0,8.0,10.0,16.0
661,9.0,155.0,3.0,2.0,4.0
662,1.0,5.0,1.0,1.0,2.0
663,4.0,124.0,38.0,2.0,9.0
664,4.0,1.0,1.0,1.0,3.0
665,3.0,41.0,17.0,2.0,12.0
666,15.0,44.0,7.0,2.0,64.0
667,2.0,2.0,7.0,7.0,63.0
668,8.0,40.0,1.0,1.0,246.0
669,1.0,1.0,6.0,1.0,1.0
670,1.0,3.0,4.0,1.0,25.0
671,7.0,1.0,1.0,2.0,3.0
672,1.0,113.0,124.0,1.0,3.0
673,1.0,19.0,2.0,1.0,93.0
674,3.0,52.0,1.0,2.0,42.0
675,2.0,32.0,18.0,1.0,1.0
676,2.0,1.0,5.0,1.0,4.0
677,1.0,40.0,1.0,1.0,9.0
678,4.0,14.0,2.0,15.0,26.0
679,3.0,1.0,2.0,1.0,20.0
680,17.0,6.0,3.0,2.0,5.0
681,8.0,3.0,1.0,1.0,1.0
682,1.0,2.0,3.0,3.0,2.0
683,27.0,1.0,10.0,1.0,18.0
684,4.0,1.0,4.0,1.0,13.0
685,2.0,4.0,4.0,2.0,1.0
686,2.0,6.0,27.0,21.0,7.0
687,4.0,10.0,25.0,1.0,2.0
688,1.0,3.0,8.0,1.0,1.0
689,4.0,4.0,1.0,2.0,16.0
690,2.0,3.0,3.0,15.0,6.0
691,2.0,13.0,7.0,2.0,3.0
692,2.0,4.0,1.0,5.0,4.0
693,1.0,2.0,13.0,1.0,3.0
694,1.0,15.0,28.0,3.0,25.0
695,28.0,9.0,1.0,2.0,3.0
696,28.0,2.0,5.0,4.0,1.0
697,3.0,2.0,2.0,11.0,16.0
698,1.0,13.0,4.0,1.0,4.0
699,11.0,1.0,34.0,1.0,1.0
700,1.0,20.0,2.0,4.0,3.0
701,1.0,3.0,17.0,1.0,51.0
702,5.0,2.0,15.0,18.0,1.0
703,55.0,1.0,1.0,11.0,1.0
704,1.0,16.0,1.0,2.0,3.0
705,1.0,5.0,23.0,1.0,2.0
706,1.0,3.0,1.0,1.0,4.0
707,1.0,1.0,1.0,2.0,1.0
708,1.0,2.0,1.0,1.0,6.0
709,2.0,5.0,1.0,1.0,14.0
710,2.0,2.0,7.0,8.0,1.0
711,1.0,4.0,1.0,5.0,27.0
712,2.0,2.0,23.0,1.0,11.0
713,21.0,1.0,1.0,1.0,2.0
714,4.0,7.0,1.0,64.0,1.0
715,2.0,11.0,2.0,3.0,3.0
716,1.0,2.0,51.0,1.0,27.0
717,4.0,1.0,1.0,29.0,1.0
718,3.0,2.0,1.0,1.0,1.0
719,2.0,1.0,1.0,1.0,5.0
720,3.0,1.0,1.0,2.0,1.0
721,2.0,1.0,2.0,1.0,12.0
722,4.0,4.0,49.0,1.0,6.0
723,67.0,1.0,1.0,1.0,3.0
724,39.0,1.0,1.0,1.0,1.0
725,1.0,1.0,1.0,4.0,1.0
726,21.0,13.0,1.0,3.0,22.0
727,55.0,10.0,49.0,1.0,1.0
728,1.0,53.0,1.0,1.0,1.0
729,17.0,27.0,1.0,2.0,14.0
730,313.0,2.0,2.0,4.0,2.0
731,4.0,28.0,2.0,8.0,4.0
732,1.0,4.0,3.0,1.0,2.0
733,79.0,3.0,5.0,5.0,1.0
734,2.0,5.0,16.0,1.0,14.0
735,7.0,3.0,1.0,6.0,7.0
736,4.0,3.0,4.0,2.0,13.0
737,60.0,4.0,1.0,40.0,20.0
738,1.0,1.0,1.0,2.0,6.0
739,1.0,3.0,5.0,1.0,14.0
740,35.0,1.0,1.0,2.0,3.0
741,3.0,1.0,13.0,2.0,7.0
742,95.0,10.0,2.0,1.0,22.0
743,1.0,19.0,1.0,2.0,7.0
744,1.0,9.0,3.0,3.0,3.0
745,1.0,3.0,4.0,24.0,2.0
746,99.0,2.0,1.0,1.0,4.0
747,10.0,3.0,33.0,1.0,16.0
748,80.0,10.0,2.0,1.0,2.0
749,7.0,3.0,2.0,1.0,1.0
750,1.0,20.0,1.0,57.0,3.0
751,20.0,1.0,67.0,1.0,1.0
752,2.0,4.0,1.0,1.0,7.0
753,71.0,1.0,5.0,1.0,5.0
754,9.0,46.0,73.0,1.0,1.0
755,18.0,5.0,33.0,3.0,36.0
756,5.0,8.0,1.0,2.0,4.0
757,61.0,2.0,2.0,13.0,94.0
758,5.0,6.0,3.0,6.0,1.0
759,25.0,2.0,1.0,2.0,4.0
760,2.0,2.0,1.0,2.0,1.0
761,1.0,1.0,2.0,1.0,78.0
762,1.0,2.0,1.0,2.0,54.0
763,5.0,24.0,2.0,8.0,26.0
764,7.0,1.0,6.0,2.0,1.0
765,1.0,5.0,70.0,1.0,91.0
766,52.0,1.0,2.0,8.0,8.0
767,49.0,8.0,29.0,1.0,27.0
768,36.0,1.0,2.0,1.0,1.0
769,2.0,10.0,3.0,2.0,1.0
770,5.0,8.0,21.0,6.0,5.0
771,1.0,6.0,49.0,2.0,2.0
772,2.0,1.0,17.0,16.0,4.0
773,2.0,5.0,1.0,5.0,1.0
774,1.0,5.0,2.0,6.0,9.0
775,2.0,3.0,28.0,5.0,3.0
776,7.0,9.0,43.0,2.0,20.0
777,21.0,2.0,3.0,2.0,6.0
778,2.0,8.0,19.0,18.0,3.0
779,8.0,4.0,6.0,24.0,3.0
780,2.0,1.0,16.0,35.0,2.0
781,4.0,7.0,7.0,5.0,1.0
782,17.0,1.0,1.0,2.0,60.0
783,18.0,19.0,7.0,20.0,32.0
784,7.0,6.0,3.0,12.0,36.0
785,1.0,13.0,2.0,2.0,1.0
786,2.0,1.0,10.0,2.0,1.0
787,5.0,1.0,4.0,1.0,7.0
788,14.0,3.0,5.0,1.0,12.0
789,4.0,1.0,2.0,2.0,1.0
790,2.0,12.0,2.0,3.0,1.0
791,3.0,1.0,7.0,1.0,1.0
792,5.0,3.0,32.0,2.0,13.0
793,1.0,6.0,17.0,2.0,31.0
794,5.0,2.0,4.0,1.0,49.0
795,1.0,19.0,57.0,2.0,43.0
796,2.0,22.0,2.0,1.0,13.0
797,1.0,8.0,6.0,1.0,1.0
798,1.0,5.0,21.0,24.0,18.0
799,2.0,7.0,1.0,2.0,6.0
800,8.0,1.0,2.0,13.0,2.0
801,12.0,1.0,5.0,2.0,2.0
802,4.0,8.0,3.0,1.0,4.0
803,3.0,1.0,3.0,2.0,4.0
804,1.0,3.0,8.0,1.0,35.0
805,2.0,2.0,1.0,15.0,55.0
806,1.0,1.0,19.0,1.0,4.0
807,11.0,1.0,26.0,1.0,1.0
808,18.0,1.0,1.0,2.0,1.0
809,8.0,3.0,1.0,5.0,4.0
810,13.0,14.0,4.0,3.0,7.0
811,3.0,6.0,1.0,117.0,3.0
812,5.0,6.0,60.0,1.0,1.0
813,1.0,9.0,102.0,2.0,19.0
814,19.0,2.0,1.0,8.0,6.0
815,62.0,1.0,1.0,1.0,7.0
816,30.0,1.0,1.0,1.0,2.0
817,1.0,1.0,14.0,1.0,16.0
818,2.0,15.0,2.0,30.0,34.0
819,1.0,2.0,4.0,1.0,39.0
820,39.0,1.0,1.0,2.0,1.0
821,2.0,1.0,75.0,1.0,3.0
822,1.0,4.0,3.0,1.0,9.0
823,3.0,19.0,84.0,32.0,11.0
824,1.0,1.0,4.0,16.0,2.0
825,12.0,27.0,1.0,3.0,1.0
826,20.0,2.0,1.0,9.0,4.0
827,5.0,6.0,3.0,5.0,1.0
828,6.0,55.0,89.0,15.0,2.0
829,72.0,39.0,2.0,1.0,1.0
830,16.0,3.0,4.0,24.0,17.0
831,13.0,3.0,14.0,164.0,5.0
832,1.0,1.0,8.0,1.0,64.0
833,2.0,1.0,32.0,28.0,1.0
834,2.0,2.0,72.0,1.0,17.0
835,19.0,15.0,2.0,23.0,5.0
836,18.0,1.0,26.0,1.0,1.0
837,2.0,2.0,2.0,1.0,44.0
838,1.0,20.0,6.0,1.0,1.0
839,4.0,6.0,3.0,2.0,1.0
840,2.0,1.0,26.0,3.0,1.0
841,1.0,5.0,1.0,3.0,1.0
842,37.0,1.0,10.0,2.0,2.0
843,1.0,2.0,13.0,1.0,4.0
844,8.0,10.0,13.0,2.0,1.0
845,1.0,3.0,1.0,5.0,37.0
846,1.0,3.0,17.0,7.0,6.0
847,2.0,2.0,2.0,1.0,1.0
848,44.0,79.0,1.0,2.0,1.0
849,1.0,35.0,1.0,13.0,2.0
850,3.0,5.0,4.0,1.0,9.0
851,1.0,7.0,13.0,2.0,1.0
852,1.0,1.0,7.0,1.0,2.0
853,1.0,36.0,1.0,2.0,16.0
854,1.0,19.0,10.0,1.0,1.0
855,9.0,9.0,1.0,4.0,20.0
856,3.0,17.0,57.0,3.0,1.0
857,15.0,5.0,44.0,1.0,1.0
858,3.0,16.0,27.0,1.0,1.0
859,13.0,40.0,12.0,3.0,4.0
860,2.0,12.0,35.0,1.0,1.0
861,2.0,7.0,4.0,1.0,1.0
862,30.0,8.0,24.0,2.0,11.0
863,33.0,3.0,4.0,17.0,3.0
864,12.0,1.0,1.0,2.0,4.0
865,18.0,49.0,39.0,1.0,4.0
866,1.0,2.0,4.0,1.0,40.0
867,4.0,27.0,9.0,25.0,1.0
868,68.0,4.0,1.0,4.0,1.0
869,1.0,9.0,116.0,1.0,3.0
870,5.0,5.0,89.0,3.0,2.0
871,1.0,5.0,93.0,1.0,31.0
872,25.0,2.0,3.0,2.0,63.0
873,9.0,8.0,4.0,1.0,2.0
874,6.0,58.0,3.0,1.0,1.0
875,1.0,33.0,1.0,1.0,1.0
876,1.0,4.0,4.0,18.0,8.0
877,2.0,37.0,23.0,3.0,1.0
878,51.0,5.0,5.0,7.0,2.0
879,20.0,1.0,94.0,9.0,2.0
880,21.0,17.0,134.0,1.0,4.0
881,15.0,2.0,9.0,6.0,54.0
882,12.0,1.0,5.0,1.0,2.0
883,25.0,1.0,76.0,3.0,1.0
884,4.0,2.0,1.0,1.0,4.0
885,29.0,11.0,1.0,1.0,32.0
886,2.0,1.0,3.0,3.0,4.0
887,3.0,3.0,50.0,1.0,5.0
888,6.0,10.0,1.0,2.0,3.0
889,10.0,1.0,2.0,1.0,4.0
890,65.0,5.0,1.0,1.0,1.0
891,45.0,1.0,4.0,1.0,14.0
892,14.0,5.0,3.0,2.0,15.0
893,3.0,2.0,78.0,1.0,2.0
894,24.0,1.0,2.0,108.0,3.0
895,1.0,1.0,1.0,1.0,1.0
896,1.0,13.0,1.0,1.0,2.0
897,1.0,17.0,2.0,2.0,1.0
898,11.0,42.0,14.0,9.0,1.0
899,4.0,2.0,3.0,1.0,8.0
900,2.0,18.0,2.0,1.0,3.0
901,10.0,9.0,4.0,14.0,16.0
902,1.0,35.0,3.0,1.0,20.0
903,5.0,8.0,12.0,10.0,36.0
904,25.0,3.0,1.0,1.0,1.0
905,2.0,3.0,27.0,1.0,46.0
906,2.0,1.0,2.0,1.0,8.0
907,1.0,4.0,4.0,4.0,3.0
908,2.0,6.0,11.0,1.0,24.0
909,35.0,1.0,1.0,1.0,30.0
910,1.0,1.0,2.0,2.0,1.0
911,23.0,20.0,1.0,1.0,1.0
912,5.0,1.0,7.0,1.0,1.0
913,29.0,1.0,1.0,1.0,29.0
914,1.0,13.0,1.0,1.0,1.0
915,11.0,1.0,4.0,1.0,7.0
916,1.0,1.0,9.0,1.0,2.0
917,15.0,1.0,4.0,1.0,28.0
918,1.0,1.0,99.0,1.0,2.0
919,1.0,1.0,4.0,3.0,8.0
920,20.0,1.0,1.0,12.0,18.0
921,10.0,1.0,104.0,1.0,1.0
922,1.0,17.0,1.0,1.0,1.0
923,45.0,66.0,2.0,10.0,5.0
924,2.0,6.0,2.0,1.0,11.0
925,3.0,2.0,177.0,1.0,53.0
926,5.0,1.0,1.0,1.0,8.0
927,2.0,10.0,3.0,1.0,18.0
928,2.0,1.0,2.0,1.0,37.0
929,50.0,26.0,11.0,1.0,2.0
930,9.0,2.0,1.0,7.0,3.0
931,4.0,3.0,57.0,1.0,3.0
932,2.0,1.0,7.0,1.0,56.0
933,15.0,1.0,7.0,1.0,2.0
934,10.0,1.0,3.0,1.0,79.0
935,1.0,49.0,3.0,4.0,1.0
936,1.0,1.0,2.0,1.0,1.0
937,14.0,1.0,16.0,2.0,10.0
938,1.0,2.0,2.0,1.0,23.0
939,1.0,1.0,76.0,1.0,11.0
940,5.0,1.0,35.0,1.0,3.0
941,3.0,4.0,1.0,17.0,36.0
942,9.0,1.0,4.0,3.0,2.0
943,5.0,2.0,2.0,55.0,29.0
944,5.0,1.0,2.0,2.0,4.0
945,3.0,1.0,3.0,2.0,2.0
946,7.0,1.0,4.0,1.0,42.0
947,1.0,1.0,2.0,16.0,1.0
948,5.0,1.0,4.0,1.0,4.0
949,6.0,2.0,3.0,1.0,71.0
950,2.0,2.0,7.0,4.0,8.0
951,14.0,1.0,46.0,1.0,4.0
952,7.0,1.0,4.0,1.0,1.0
953,7.0,4.0,1.0,1.0,1.0
954,7.0,6.0,1.0,1.0,5.0
955,4.0,1.0,1.0,1.0,15.0
956,9.0,1.0,5.0,1.0,2.0
957,4.0,21.0,4.0,2.0,15.0
958,4.0,4.0,30.0,1.0,2.0
959,2.0,10.0,22.0,1.0,83.0
960,1.0,1.0,5.0,41.0,1.0
961,3.0,2.0,4.0,3.0,1.0
962,2.0,1.0,1.0,2.0,1.0
963,1.0,1.0,2.0,34.0,1.0
964,5.0,2.0,3.0,1.0,3.0
965,1.0,1.0,3.0,5.0,2.0
966,1.0,3.0,2.0,2.0,4.0
967,8.0,19.0,2.0,2.0,1.0
968,25.0,1.0,1.0,1.0,26.0
969,2.0,1.0,3.0,2.0,1.0
970,2.0,1.0,7.0,3.0,1.0
971,11.0,29.0,4.0,6.0,2.0
972,2.0,27.0,3.0,2.0,4.0
973,1.0,17.0,50.0,2.0,5.0
974,9.0,13.0,1.0,2.0,1.0
975,5.0,5.0,5.0,5.0,2.0
976,1.0,1.0,1.0,1.0,8.0
977,49.0,28.0,71.0,1.0,7.0
978,55.0,14.0,35.0,1.0,4.0
979,1.0,3.0,2.0,3.0,5.0
980,2.0,16.0,3.0,69.0,1.0
981,3.0,11.0,1.0,24.0,5.0
982,2.0,41.0,11.0,5.0,2.0
983,1.0,3.0,3.0,195.0,27.0
984,1.0,10.0,3.0,1.0,1.0
985,1.0,3.0,11.0,4.0,2.0
986,2.0,4.0,2.0,2.0,1.0
987,2.0,11.0,52.0,4.0,9.0
988,2.0,28.0,2.0,5.0,1.0
989,1.0,2.0,3.0,2.0,25.0
990,3.0,2.0,25.0,1.0,3.0
991,1.0,3.0,11.0,1.0,1.0
992,8.0,1.0,3.0,1.0,1.0
993,11.0,1.0,2.0,3.0,23.0
994,1.0,4.0,6.0,1.0,27.0
995,2.0,1.0,2.0,1.0,1.0
996,5.0,4.0,2.0,3.0,2.0
997,1.0,1.0,17.0,1.0,7.0
998,1.0,1.0,4.0,2.0,32.0
999,21.0,7.0,3.0,20.0,2.0
1000,1.0,24.0,10.0,1.0,9.0
1001,3.0,3.0,1.0,52.0,3.0
1002,1.0,1.0,37.0,2.0,3.0
1003,1.0,3.0,16.0,1.0,23.0
1004,1.0,5.0,10.0,1.0,2.0
1005,1.0,2.0,9.0,196.0,2.0
1006,1.0,40.0,1.0,6.0,5.0
1007,7.0,1.0,13.0,2.0,2.0
1008,1.0,1.0,1.0,1.0,1.0
1009,5.0,1.0,4.0,20.0,6.0
1010,7.0,2.0,23.0,1.0,5.0
1011,2.0,1.0,24.0,2.0,1.0
1012,1.0,3.0,7.0,1.0,3.0
1013,3.0,5.0,1.0,7.0,1.0
1014,1.0,5.0,24.0,1.0,2.0
1015,1.0,3.0,1.0,1.0,1.0
1016,1.0,4.0,4.0,2.0,2.0
1017,1.0,48.0,1.0,2.0,1.0
1018,8.0,1.0,5.0,1.0,3.0
1019,3.0,20.0,1.0,2.0,1.0
1020,3.0,4.0,7.0,1.0,1.0
1021,1.0,1.0,1.0,1.0,1.0
1022,32.0,5.0,17.0,19.0,2.0
1023,22.0,1.0,1.0,121.0,1.0
1024,1.0,3.0,1.0,1.0,2.0
1025,3.0,1.0,4.0,1.0,65.0
1026,2.0,65.0,1.0,1.0,1.0
1027,5.0,2.0,11.0,1.0,5.0
1028,2.0,47.0,3.0,1.0,5.0
1029,3.0,1.0,1.0,1.0,2.0
1030,1.0,2.0,1.0,1.0,8.0
1031,1.0,3.0,3.0,10.0,1.0
1032,9.0,10.0,1.0,5.0,1.0
1033,4.0,1.0,3.0,467.0,1.0
1034,4.0,9.0,1.0,1.0,1.0
1035,1.0,1.0,1.0,5.0,2.0
1036,5.0,4.0,7.0,3.0,9.0
1037,16.0,154.0,3.0,1.0,4.0
1038,2.0,79.0,1.0,1.0,1.0
1039,6.0,5.0,1.0,1.0,1.0
1040,1.0,3.0,2.0,1.0,2.0
1041,9.0,1.0,1.0,3.0,1.0
1042,2.0,3.0,4.0,1.0,133.0
1043,1.0,25.0,1.0,1.0,39.0
1044,13.0,2.0,1.0,2.0,2.0
1045,6.0,2.0,1.0,156.0,5.0
1046,12.0,1.0,3.0,14.0,9.0
1047,2.0,1.0,1.0,1.0,21.0
1048,3.0,1.0,1.0,1.0,2.0
1049,4.0,4.0,1.0,3.0,5.0
1050,3.0,20.0,1.0,2.0,1.0
1051,30.0,2.0,1.0,18.0,2.0
1052,73.0,1.0,1.0,2.0,51.0
1053,2.0,5.0,37.0,1.0,1.0
1054,3.0,3.0,5.0,2.0,81.0
1055,2.0,1.0,7.0,4.0,37.0
1056,2.0,5.0,5.0,42.0,12.0
1057,3.0,64.0,3.0,6.0,3.0
1058,6.0,2.0,1.0,5.0,1.0
1059,48.0,2.0,94.0,1.0,9.0
1060,1.0,6.0,119.0,5.0,1.0
1061,5.0,2.0,38.0,1.0,3.0
1062,41.0,2.0,3.0,1.0,1.0
1063,16.0,2.0,2.0,1.0,51.0
1064,1.0,4.0,2.0,4.0,1.0
1065,339.0,16.0,2.0,1.0,32.0
1066,9.0,1.0,4.0,1.0,2.0
1067,119.0,2.0,1.0,1.0,14.0
1068,1.0,3.0,1.0,1.0,1.0
1069,8.0,4.0,1.0,1.0,1.0
1070,1.0,9.0,2.0,4.0,1.0
1071,2.0,2.0,2.0,1.0,1.0
1072,8.0,4.0,1.0,22.0,2.0
1073,2.0,3.0,32.0,1.0,1.0
1074,1.0,1.0,4.0,1.0,2.0
1075,12.0,3.0,4.0,1.0,5.0
1076,2.0,6.0,1.0,1.0,70.0
1077,1.0,81.0,33.0,1.0,4.0
1078,181.0,2.0,3.0,2.0,3.0
1079,2.0,3.0,10.0,22.0,1.0
1080,5.0,7.0,15.0,1.0,4.0
1081,3.0,3.0,2.0,1.0,97.0
1082,1.0,99.0,5.0,10.0,1.0
1083,1.0,2.0,4.0,1.0,71.0
1084,1.0,12.0,2.0,1.0,1.0
1085,1.0,10.0,5.0,9.0,4.0
1086,2.0,1.0,72.0,1.0,3.0
1087,2.0,1.0,37.0,1.0,1.0
1088,20.0,1.0,8.0,1.0,1.0
1089,27.0,1.0,3.0,3.0,1.0
1090,1.0,1.0,4.0,2.0,7.0
1091,199.0,6.0,15.0,1.0,5.0
1092,2.0,18.0,110.0,4.0,2.0
1093,11.0,2.0,1.0,1.0,2.0
1094,3.0,8.0,3.0,2.0,9.0
1095,294.0,2.0,11.0,1.0,2.0
1096,9.0,16.0,7.0,1.0,1.0
1097,4.0,107.0,6.0,1.0,1.0
1098,663.0,1.0,2.0,2.0,1.0
1099,1.0,1.0,5.0,1.0,12.0
1100,1.0,7.0,4.0,1.0,76.0
1101,1.0,1.0,3.0,9.0,32.0
1102,35.0,1.0,3.0,9.0,3.0
1103,36.0,1.0,4.0,3.0,8.0
1104,2.0,1.0,2.0,1.0,5.0
1105,1.0,1.0,1.0,5.0,2.0
1106,1.0,5.0,90.0,2.0,72.0
1107,1.0,1.0,2.0,3.0,4.0
1108,4.0,1.0,15.0,1.0,2.0
1109,3.0,17.0,10.0,1.0,1.0
1110,1.0,3.0,1.0,2.0,1.0
1111,2.0,1.0,3.0,1.0,2.0
1112,2.0,9.0,84.0,1.0,3.0
1113,1.0,5.0,57.0,1.0,1.0
1114,7.0,1.0,4.0,2.0,1.0
1115,1.0,20.0,4.0,29.0,6.0
1116,11.0,6.0,2.0,17.0,1.0
1117,9.0,1.0,69.0,4.0,3.0
1118,1.0,2.0,20.0,1.0,1.0
1119,1.0,11.0,3.0,1.0,1.0
1120,1.0,4.0,2.0,5.0,6.0
1121,2.0,3.0,4.0,2.0,1.0
1122,1.0,15.0,2.0,6.0,2.0
1123,15.0,3.0,13.0,13.0,1.0
1124,1.0,11.0,3.0,1.0,1.0
1125,1.0,2.0,21.0,1.0,1.0
1126,10.0,3.0,6.0,2.0,1.0
1127,1.0,6.0,8.0,1.0,1.0
1128,1.0,14.0,17.0,1.0,1.0
1129,21.0,2.0,9.0,2.0,539.0
1130,1.0,2.0,1.0,2.0,43.0
1131,1.0,4.0,121.0,1.0,1.0
1132,3.0,107.0,1.0,71.0,10.0
1133,11.0,3.0,158.0,1.0,1.0
1134,1.0,11.0,121.0,1.0,4.0
1135,1.0,1.0,22.0,1.0,1.0
1136,1.0,2.0,1.0,1.0,1.0
1137,1.0,1.0,1.0,65.0,1.0
1138,1.0,1.0,23.0,2.0,1.0
1139,1.0,1.0,13.0,31.0,5.0
1140,4.0,10.0,58.0,1.0,1.0
1141,1.0,1.0,5.0,1.0,1.0
1142,1.0,1.0,2.0,2.0,384.0
1143,1.0,22.0,10.0,28.0,2.0
1144,4.0,28.0,6.0,4.0,1.0
1145,1.0,1.0,2.0,1.0,52.0
1146,17.0,1.0,2.0,1.0,1.0
1147,9.0,7.0,11.0,3.0,1.0
1148,1.0,3.0,6.0,3.0,1.0
1149,1.0,29.0,4.0,2.0,8.0
1150,2.0,2.0,5.0,2.0,1.0
1151,1.0,2.0,2.0,2.0,1.0
1152,1.0,2.0,39.0,1.0,1.0
1153,6.0,113.0,39.0,2.0,1.0
1154,2.0,38.0,29.0,2.0,1.0
1155,2.0,12.0,47.0,2.0,1.0
1156,1.0,10.0,3.0,1.0,1.0
1157,1.0,1.0,20.0,6.0,5.0
1158,24.0,1.0,1.0,1.0,1.0
1159,1.0,13.0,62.0,2.0,1.0
1160,1.0,54.0,3.0,3.0,1.0
1161,40.0,4.0,32.0,9.0,2.0
1162,12.0,16.0,2.0,2.0,2.0
1163,16.0,4.0,1.0,72.0,1.0
1164,1.0,2.0,2.0,1.0,1.0
1165,1.0,4.0,99.0,2.0,3.0
1166,60.0,1.0,4.0,1.0,2.0
1167,11.0,1.0,26.0,19.0,2.0
1168,1.0,1.0,28.0,1.0,5.0
1169,1.0,5.0,86.0,1.0,1.0
1170,6.0,7.0,102.0,1.0,1.0
1171,4.0,6.0,2.0,1.0,12.0
1172,29.0,2.0,32.0,2.0,4.0
1173,21.0,1.0,7.0,1.0,1.0
1174,2.0,1.0,2.0,2.0,5.0
1175,2.0,127.0,8.0,6.0,2.0
1176,1.0,1.0,109.0,4.0,8.0
1177,1.0,1.0,1.0,1.0,2.0
1178,152.0,4.0,34.0,1.0,1.0
1179,3.0,3.0,87.0,3.0,7.0
1180,6.0,4.0,1.0,2.0,2.0
1181,1.0,1.0,1.0,2.0,7.0
1182,1.0,4.0,41.0,7.0,1.0
1183,18.0,3.0,1.0,1.0,1.0
1184,1.0,2.0,7.0,1.0,1.0
1185,1.0,21.0,12.0,1.0,1.0
1186,72.0,21.0,2.0,1.0,1.0
1187,5.0,65.0,1.0,2.0,1.0
1188,1.0,56.0,2.0,1.0,8.0
1189,1.0,10.0,1.0,2.0,1.0
1190,2.0,2.0,1.0,1.0,1.0
1191,26.0,2.0,2.0,1.0,1.0
1192,3.0,6.0,25.0,1.0,1.0
1193,3.0,2.0,105.0,1.0,1.0
1194,2.0,1.0,1.0,1.0,3.0
1195,6.0,9.0,1.0,7.0,1.0
1196,4.0,3.0,45.0,2.0,1.0
1197,5.0,1.0,17.0,1.0,1.0
1198,1.0,1.0,8.0,9.0,1.0
1199,10.0,3.0,2.0,5.0,1.0
1200,2.0,1.0,3.0,1.0,1.0
1201,1.0,1.0,40.0,3.0,1.0
1202,4.0,1.0,34.0,2.0,7.0
1203,11.0,2.0,12.0,2.0,1.0
1204,1.0,15.0,1.0,3.0,1.0
1205,1.0,1.0,2.0,2.0,3.0
1206,1.0,2.0,16.0,1.0,1.0
1207,3.0,1.0,1.0,2.0,1.0
1208,3.0,5.0,3.0,1.0,3.0
1209,1.0,7.0,131.0,2.0,1.0
1210,3.0,1.0,2.0,2.0,2.0
1211,1.0,6.0,1.0,1.0,6.0
1212,1.0,1.0,86.0,1.0,1.0
1213,4.0,2.0,3.0,1.0,40.0
1214,1.0,3.0,1.0,1.0,23.0
1215,21.0,4.0,2.0,1.0,1.0
1216,1.0,3.0,25.0,2.0,7.0
1217,1.0,6.0,50.0,7.0,25.0
1218,1.0,1.0,9.0,3.0,1.0
1219,1.0,4.0,3.0,1.0,1.0
1220,2.0,12.0,15.0,1.0,1.0
1221,2.0,8.0,11.0,2.0,2.0
1222,6.0,14.0,3.0,1.0,1.0
1223,2.0,4.0,3.0,1.0,1.0
1224,1.0,3.0,44.0,1.0,1.0
1225,84.0,2.0,1.0,1.0,1.0
1226,1.0,19.0,1.0,11.0,1.0
1227,2.0,2.0,4.0,4.0,1.0
1228,1.0,1.0,1.0,2.0,1.0
1229,1.0,6.0,3.0,1.0,1.0
1230,7.0,1.0,44.0,1.0,1.0
1231,1.0,2.0,2.0,1.0,1.0
1232,10.0,2.0,8.0,2.0,15.0
1233,3.0,1.0,1.0,5.0,1.0
1234,2.0,3.0,57.0,1.0,5.0
1235,2.0,1.0,30.0,45.0,1.0
1236,1.0,8.0,6.0,17.0,19.0
1237,1.0,1.0,6.0,22.0,1.0
1238,4.0,1.0,49.0,66.0,1.0
1239,4.0,1.0,4.0,1.0,2.0
1240,1.0,1.0,7.0,2.0,1.0
1241,14.0,14.0,3.0,2.0,1.0
1242,4.0,3.0,4.0,79.0,1.0
1243,3.0,1.0,1.0,2.0,1.0
1244,2.0,16.0,3.0,1.0,1.0
1245,2.0,3.0,5.0,4.0,3.0
1246,1.0,1.0,3.0,85.0,2.0
1247,1.0,1.0,8.0,1.0,84.0
1248,1.0,11.0,43.0,1.0,154.0
1249,3.0,2.0,6.0,1.0,91.0
1250,2.0,1.0,1.0,5.0,2.0
1251,9.0,5.0,155.0,7.0,1.0
1252,3.0,1.0,1.0,1.0,1.0
1253,1.0,23.0,5.0,5.0,1.0
1254,4.0,3.0,3.0,29.0,53.0
1255,6.0,3.0,6.0,1.0,2.0
1256,1.0,1.0,3.0,1.0,3.0
1257,1.0,16.0,1.0,3.0,59.0
1258,1.0,4.0,72.0,1.0,2.0
1259,1.0,4.0,4.0,2.0,32.0
1260,3.0,52.0,3.0,9.0,30.0
1261,21.0,11.0,3.0,1.0,13.0
1262,2.0,21.0,5.0,7.0,22.0
1263,3.0,1.0,4.0,1.0,1.0
1264,18.0,7.0,2.0,1.0,6.0
1265,45.0,2.0,10.0,5.0,1.0
1266,2.0,1.0,5.0,45.0,9.0
1267,5.0,2.0,11.0,5.0,1.0
1268,1.0,6.0,1.0,1.0,11.0
1269,2.0,1.0,1.0,2.0,1.0
1270,1.0,1.0,1.0,1.0,1.0
1271,1.0,6.0,2.0,18.0,5.0
1272,4.0,5.0,4.0,1.0,1.0
1273,37.0,2.0,9.0,2.0,96.0
1274,10.0,11.0,4.0,5.0,1.0
1275,4.0,7.0,104.0,1.0,15.0
1276,12.0,8.0,1.0,1.0,5.0
1277,1.0,1.0,1.0,2.0,1.0
1278,1.0,20.0,7.0,1.0,23.0
1279,6.0,11.0,2.0,1.0,2.0
1280,31.0,8.0,7.0,1.0,13.0
1281,30.0,7.0,4.0,1.0,5.0
1282,1.0,4.0,2.0,2.0,3.0
1283,88.0,2.0,1.0,2.0,1.0
1284,23.0,6.0,8.0,1.0,69.0
1285,32.0,6.0,2.0,2.0,2.0
1286,3.0,31.0,8.0,1.0,2.0
1287,22.0,5.0,4.0,3.0,41.0
1288,1.0,2.0,44.0,1.0,4.0
1289,27.0,2.0,3.0,1.0,1.0
1290,1.0,1.0,7.0,2.0,5.0
1291,1.0,14.0,1.0,1.0,1.0
1292,141.0,44.0,3.0,1.0,2.0
1293,1.0,2.0,3.0,2.0,23.0
1294,1.0,1.0,5.0,7.0,1.0
1295,6.0,16.0,1.0,3.0,2.0
1296,25.0,3.0,4.0,1.0,2.0
1297,42.0,1.0,2.0,39.0,1.0
1298,30.0,3.0,1.0,4.0,7.0
1299,26.0,6.0,2.0,7.0,2.0
1300,18.0,2.0,1.0,1.0,1.0
1301,19.0,1.0,5.0,1.0,12.0
1302,5.0,1.0,3.0,2.0,9.0
1303,40.0,1.0,6.0,2.0,13.0
1304,4.0,1.0,5.0,1.0,14.0
1305,29.0,27.0,4.0,1.0,1.0
1306,1.0,2.0,1.0,1.0,34.0
1307,3.0,1.0,27.0,1.0,90.0
1308,2.0,10.0,1.0,69.0,5.0
1309,1.0,2.0,3.0,1.0,96.0
1310,2.0,2.0,3.0,6.0,4.0
1311,3.0,2.0,11.0,3.0,2.0
1312,2.0,21.0,1.0,1.0,1.0
1313,1.0,5.0,3.0,20.0,2.0
1314,2.0,24.0,1.0,1.0,4.0
1315,1.0,1.0,1.0,1.0,3.0
1316,1.0,2.0,1.0,2.0,22.0
1317,5.0,1.0,34.0,2.0,1.0
1318,5.0,4.0,1.0,1.0,3.0
1319,1.0,27.0,2.0,1.0,2.0
1320,3.0,21.0,10.0,2.0,44.0
1321,1.0,1.0,23.0,2.0,97.0
1322,2.0,10.0,19.0,24.0,79.0
1323,1.0,3.0,24.0,1.0,3.0
1324,6.0,1.0,4.0,1.0,71.0
1325,35.0,1.0,4.0,7.0,2.0
1326,3.0,1.0,10.0,1.0,1.0
1327,34.0,1.0,2.0,17.0,1.0
1328,4.0,22.0,1.0,1.0,1.0
1329,15.0,3.0,5.0,1.0,5.0
1330,7.0,1.0,15.0,1.0,3.0
1331,3.0,4.0,1.0,1.0,2.0
1332,1.0,1.0,2.0,7.0,5.0
1333,29.0,1.0,2.0,1.0,1.0
1334,1.0,2.0,4.0,1.0,1.0
1335,1.0,1.0,12.0,26.0,17.0
1336,1.0,1.0,15.0,1.0,1.0
1337,3.0,2.0,15.0,1.0,4.0
1338,29.0,1.0,6.0,2.0,1.0
1339,2.0,3.0,1.0,1.0,2.0
1340,7.0,1.0,2.0,1.0,4.0
1341,2.0,1.0,1.0,34.0,5.0
1342,4.0,1.0,2.0,1.0,4.0
1343,3.0,2.0,46.0,11.0,5.0
1344,9.0,1.0,1.0,1.0,1.0
1345,1.0,1.0,1.0,24.0,2.0
1346,22.0,1.0,1.0,5.0,3.0
1347,5.0,17.0,1.0,3.0,2.0
1348,1.0,1.0,2.0,58.0,1.0
1349,1.0,1.0,1.0,1.0,29.0
1350,4.0,2.0,1.0,1.0,1.0
1351,6.0,1.0,1.0,2.0,4.0
1352,3.0,6.0,45.0,4.0,6.0
1353,6.0,11.0,5.0,1.0,6.0
1354,2.0,3.0,1.0,2.0,10.0
1355,6.0,2.0,2.0,5.0,1.0
1356,40.0,3.0,31.0,1.0,5.0
1357,63.0,1.0,1.0,1.0,1.0
1358,5.0,1.0,1.0,1.0,1.0
1359,38.0,21.0,4.0,1.0,2.0
1360,1.0,2.0,1.0,2.0,2.0
1361,1.0,2.0,1.0,1.0,8.0
1362,2.0,4.0,1.0,2.0,4.0
1363,61.0,4.0,2.0,1.0,32.0
1364,1.0,34.0,2.0,1.0,1.0
1365,44.0,3.0,1.0,2.0,1.0
1366,20.0,3.0,14.0,2.0,1.0
1367,2.0,6.0,1.0,1.0,15.0
1368,2.0,3.0,1.0,1.0,2.0
1369,3.0,1.0,6.0,1.0,2.0
1370,1.0,2.0,2.0,4.0,3.0
1371,2.0,3.0,2.0,5.0,60.0
1372,7.0,1.0,3.0,1.0,6.0
1373,1.0,7.0,2.0,1.0,7.0
1374,17.0,1.0,93.0,3.0,1.0
1375,3.0,1.0,4.0,1.0,1.0
1376,12.0,1.0,4.0,2.0,2.0
1377,13.0,1.0,3.0,1.0,2.0
1378,6.0,1.0,2.0,1.0,3.0
1379,2.0,16.0,2.0,2.0,1.0
1380,13.0,29.0,3.0,5.0,4.0
1381,1.0,49.0,1.0,2.0,8.0
1382,2.0,1.0,1.0,2.0,57.0
1383,13.0,1.0,1.0,2.0,6.0
1384,4.0,4.0,1.0,8.0,14.0
1385,1.0,1.0,1.0,1.0,1.0
1386,1.0,12.0,1.0,1.0,1.0
1387,9.0,5.0,1.0,1.0,1.0
1388,4.0,38.0,1.0,1.0,81.0
1389,7.0,15.0,2.0,2.0,53.0
1390,47.0,3.0,,3.0,11.0
1391,1.0,3.0,,1.0,1.0
1392,37.0,1.0,,1.0,35.0
1393,1.0,1.0,,2.0,1.0
1394,9.0,13.0,,1.0,2.0
1395,2.0,2.0,,2.0,4.0
1396,1.0,8.0,,1.0,2.0
1397,1.0,21.0,,3.0,1.0
1398,3.0,13.0,,2.0,1.0
1399,10.0,32.0,,3.0,4.0
1400,1.0,1.0,,16.0,47.0
1401,1.0,3.0,,17.0,2.0
1402,2.0,2.0,,1.0,16.0
1403,34.0,2.0,,2.0,1.0
1404,2.0,15.0,,14.0,10.0
1405,2.0,8.0,,3.0,1.0
1406,1.0,6.0,,2.0,18.0
1407,3.0,1.0,,1.0,32.0
1408,6.0,2.0,,1.0,10.0
1409,2.0,6.0,,16.0,40.0
1410,11.0,2.0,,1.0,1.0
1411,13.0,7.0,,1.0,1.0
1412,48.0,1.0,,2.0,12.0
1413,1.0,4.0,,1.0,7.0
1414,4.0,1.0,,2.0,3.0
1415,1.0,36.0,,1.0,3.0
1416,21.0,1.0,,1.0,1.0
1417,1.0,1.0,,2.0,4.0
1418,5.0,1.0,,1.0,10.0
1419,1.0,41.0,,5.0,1.0
1420,1.0,9.0,,3.0,2.0
1421,18.0,1.0,,1.0,6.0
1422,2.0,1.0,,1.0,1.0
1423,19.0,1.0,,2.0,6.0
1424,1.0,2.0,,2.0,13.0
1425,1.0,1.0,,11.0,3.0
1426,21.0,1.0,,3.0,12.0
1427,20.0,2.0,,7.0,3.0
1428,1.0,1.0,,1.0,8.0
1429,7.0,1.0,,2.0,1.0
1430,23.0,128.0,,1.0,1.0
1431,1.0,2.0,,1.0,5.0
1432,4.0,44.0,,3.0,1.0
1433,1.0,10.0,,8.0,1.0
1434,4.0,15.0,,1.0,4.0
1435,9.0,14.0,,7.0,9.0
1436,1.0,12.0,,1.0,2.0
1437,2.0,3.0,,1.0,7.0
1438,2.0,1.0,,4.0,2.0
1439,7.0,12.0,,5.0,3.0
1440,6.0,3.0,,1.0,2.0
1441,19.0,1.0,,3.0,18.0
1442,13.0,1.0,,2.0,2.0
1443,10.0,68.0,,1.0,7.0
1444,1.0,7.0,,7.0,41.0
1445,15.0,1.0,,1.0,3.0
1446,2.0,74.0,,6.0,4.0
1447,21.0,69.0,,2.0,2.0
1448,7.0,3.0,,1.0,1.0
1449,2.0,15.0,,3.0,1.0
1450,1.0,9.0,,1.0,2.0
1451,5.0,3.0,,1.0,2.0
1452,14.0,2.0,,6.0,1.0
1453,36.0,20.0,,1.0,3.0
1454,1.0,25.0,,2.0,15.0
1455,1.0,23.0,,3.0,20.0
1456,1.0,1.0,,4.0,16.0
1457,1.0,1.0,,5.0,1.0
1458,10.0,4.0,,1.0,1.0
1459,11.0,1.0,,81.0,62.0
1460,14.0,1.0,,1.0,9.0
1461,2.0,2.0,,1.0,1.0
1462,13.0,10.0,,1.0,5.0
1463,3.0,63.0,,1.0,72.0
1464,9.0,2.0,,1.0,3.0
1465,1.0,1.0,,2.0,3.0
1466,9.0,1.0,,2.0,1.0
1467,5.0,2.0,,2.0,19.0
1468,3.0,1.0,,3.0,1.0
1469,4.0,5.0,,1.0,2.0
1470,8.0,4.0,,1.0,3.0
1471,4.0,18.0,,1.0,8.0
1472,1.0,8.0,,3.0,49.0
1473,30.0,31.0,,1.0,1.0
1474,10.0,1.0,,1.0,1.0
1475,5.0,51.0,,4.0,1.0
1476,3.0,8.0,,1.0,239.0
1477,1.0,7.0,,11.0,1.0
1478,1.0,1.0,,24.0,24.0
1479,10.0,2.0,,5.0,1.0
1480,1.0,1.0,,1.0,42.0
1481,6.0,9.0,,1.0,12.0
1482,2.0,1.0,,1.0,11.0
1483,6.0,7.0,,4.0,3.0
1484,1.0,9.0,,1.0,67.0
1485,1.0,21.0,,2.0,5.0
1486,8.0,18.0,,18.0,12.0
1487,2.0,1.0,,1.0,59.0
1488,1.0,9.0,,1.0,1.0
1489,21.0,6.0,,2.0,6.0
1490,4.0,2.0,,1.0,5.0
1491,1.0,1.0,,1.0,6.0
1492,10.0,14.0,,1.0,4.0
1493,5.0,1.0,,4.0,1.0
1494,4.0,1.0,,59.0,7.0
1495,1.0,1.0,,1.0,3.0
1496,10.0,3.0,,1.0,1.0
1497,2.0,3.0,,40.0,3.0
1498,2.0,4.0,,3.0,1.0
1499,1.0,13.0,,1.0,33.0
1500,2.0,19.0,,1.0,1.0
1501,1.0,3.0,,1.0,1.0
1502,1.0,3.0,,1.0,1.0
1503,16.0,2.0,,1.0,1.0
1504,1.0,1.0,,6.0,7.0
1505,7.0,2.0,,1.0,1.0
1506,12.0,3.0,,3.0,1.0
1507,16.0,2.0,,4.0,3.0
1508,2.0,4.0,,4.0,2.0
1509,1.0,5.0,,1.0,3.0
1510,2.0,9.0,,2.0,1.0
1511,2.0,1.0,,1.0,2.0
1512,4.0,1.0,,1.0,2.0
1513,2.0,106.0,,1.0,23.0
1514,11.0,2.0,,6.0,2.0
1515,1.0,1.0,,5.0,1.0
1516,1.0,21.0,,1.0,19.0
1517,2.0,1.0,,2.0,76.0
1518,1.0,1.0,,1.0,1.0
1519,1.0,6.0,,4.0,1.0
1520,4.0,1.0,,1.0,1.0
1521,4.0,7.0,,1.0,24.0
1522,1.0,6.0,,31.0,3.0
1523,1.0,1.0,,71.0,1.0
1524,2.0,1.0,,2.0,26.0
1525,1.0,1.0,,8.0,19.0
1526,3.0,1.0,,68.0,1.0
1527,48.0,9.0,,1.0,1.0
1528,1.0,4.0,,3.0,28.0
1529,1.0,5.0,,3.0,1.0
1530,1.0,1.0,,2.0,2.0
1531,6.0,3.0,,5.0,4.0
1532,1.0,3.0,,2.0,3.0
1533,1.0,6.0,,1.0,1.0
1534,8.0,5.0,,5.0,2.0
1535,1.0,11.0,,2.0,5.0
1536,3.0,1.0,,4.0,3.0
1537,76.0,1.0,,1.0,3.0
1538,9.0,59.0,,2.0,1.0
1539,10.0,1.0,,1.0,1.0
1540,378.0,1.0,,8.0,39.0
1541,9.0,1.0,,5.0,4.0
1542,8.0,2.0,,1.0,4.0
1543,1.0,2.0,,5.0,21.0
1544,1.0,6.0,,3.0,16.0
1545,1.0,2.0,,1.0,10.0
1546,1.0,133.0,,3.0,72.0
1547,2.0,117.0,,3.0,20.0
1548,1.0,37.0,,3.0,1.0
1549,5.0,41.0,,2.0,1.0
1550,12.0,10.0,,1.0,1.0
1551,3.0,3.0,,1.0,9.0
1552,1.0,78.0,,16.0,7.0
1553,2.0,4.0,,1.0,3.0
1554,12.0,4.0,,1.0,9.0
1555,21.0,1.0,,7.0,3.0
1556,270.0,3.0,,4.0,7.0
1557,1.0,4.0,,1.0,120.0
1558,2.0,3.0,,1.0,10.0
1559,2.0,2.0,,2.0,1.0
1560,3.0,3.0,,1.0,14.0
1561,7.0,9.0,,42.0,2.0
1562,1.0,4.0,,4.0,11.0
1563,2.0,4.0,,20.0,1.0
1564,12.0,199.0,,2.0,1.0
1565,5.0,1.0,,2.0,3.0
1566,2.0,3.0,,1.0,1.0
1567,15.0,2.0,,1.0,4.0
1568,3.0,3.0,,3.0,141.0
1569,16.0,1.0,,13.0,1.0
1570,13.0,1.0,,14.0,96.0
1571,1.0,6.0,,145.0,4.0
1572,2.0,3.0,,1.0,10.0
1573,8.0,8.0,,1.0,1.0
1574,2.0,2.0,,1.0,23.0
1575,4.0,2.0,,3.0,1.0
1576,1.0,2.0,,9.0,3.0
1577,1.0,2.0,,2.0,6.0
1578,1.0,37.0,,1.0,2.0
1579,2.0,7.0,,4.0,2.0
1580,52.0,38.0,,1.0,1.0
1581,1.0,6.0,,16.0,47.0
1582,1.0,2.0,,1.0,1.0
1583,2.0,1.0,,1.0,1.0
1584,9.0,1.0,,2.0,226.0
1585,1.0,7.0,,7.0,12.0
1586,6.0,13.0,,1.0,18.0
1587,3.0,4.0,,1.0,1.0
1588,3.0,2.0,,1.0,1.0
1589,7.0,5.0,,2.0,58.0
1590,4.0,1.0,,53.0,33.0
1591,1.0,4.0,,15.0,28.0
1592,26.0,3.0,,2.0,8.0
1593,1.0,1.0,,1.0,1.0
1594,1.0,6.0,,4.0,2.0
1595,1.0,1.0,,1.0,4.0
1596,1.0,1.0,,1.0,1.0
1597,1.0,5.0,,5.0,60.0
1598,2.0,2.0,,4.0,3.0
1599,1.0,1.0,,46.0,3.0
1600,33.0,15.0,,18.0,12.0
1601,3.0,3.0,,3.0,36.0
1602,8.0,11.0,,12.0,1.0
1603,1.0,11.0,,12.0,20.0
1604,11.0,1.0,,3.0,19.0
1605,317.0,2.0,,8.0,1.0
1606,1.0,125.0,,2.0,5.0
1607,2.0,9.0,,1.0,6.0
1608,2.0,1.0,,3.0,11.0
1609,1.0,2.0,,1.0,10.0
1610,1.0,5.0,,1.0,2.0
1611,5.0,1.0,,1.0,10.0
1612,2.0,2.0,,1.0,14.0
1613,1.0,1.0,,1.0,5.0
1614,3.0,1.0,,1.0,2.0
1615,1.0,2.0,,1.0,62.0
1616,1.0,11.0,,1.0,7.0
1617,1.0,18.0,,1.0,1.0
1618,20.0,2.0,,1.0,3.0
1619,4.0,3.0,,14.0,1.0
1620,3.0,2.0,,97.0,1.0
1621,4.0,11.0,,1.0,165.0
1622,14.0,11.0,,4.0,1.0
1623,1.0,2.0,,5.0,7.0
1624,4.0,8.0,,15.0,3.0
1625,3.0,2.0,,5.0,4.0
1626,16.0,10.0,,2.0,13.0
1627,7.0,17.0,,1.0,13.0
1628,2.0,1.0,,2.0,104.0
1629,1.0,2.0,,1.0,9.0
1630,1.0,9.0,,6.0,10.0
1631,11.0,18.0,,1.0,2.0
1632,12.0,16.0,,2.0,1.0
1633,125.0,2.0,,2.0,66.0
1634,9.0,11.0,,2.0,69.0
1635,1.0,1.0,,1.0,38.0
1636,23.0,16.0,,54.0,168.0
1637,1.0,1.0,,2.0,166.0
1638,1.0,2.0,,1.0,14.0
1639,1.0,1.0,,1.0,15.0
1640,1.0,1.0,,1.0,2.0
1641,11.0,7.0,,11.0,78.0
1642,1.0,5.0,,70.0,1.0
1643,1.0,4.0,,31.0,5.0
1644,2.0,2.0,,1.0,1.0
1645,1.0,1.0,,1.0,7.0
1646,1.0,1.0,,2.0,1.0
1647,3.0,5.0,,1.0,1.0
1648,19.0,2.0,,1.0,31.0
1649,1.0,1.0,,144.0,1.0
1650,1.0,1.0,,1.0,11.0
1651,3.0,13.0,,1.0,1.0
1652,1.0,1.0,,4.0,10.0
1653,2.0,7.0,,9.0,1.0
1654,1.0,6.0,,1.0,33.0
1655,1.0,4.0,,132.0,1.0
1656,1.0,1.0,,1.0,9.0
1657,31.0,5.0,,1.0,10.0
1658,1.0,1.0,,1.0,2.0
1659,3.0,3.0,,1.0,1.0
1660,9.0,53.0,,60.0,83.0
1661,4.0,17.0,,1.0,1.0
1662,3.0,1.0,,5.0,159.0
1663,2.0,1.0,,1.0,4.0
1664,1.0,1.0,,2.0,3.0
1665,39.0,1.0,,1.0,11.0
1666,35.0,1.0,,2.0,1.0
1667,1.0,15.0,,8.0,1.0
1668,4.0,3.0,,6.0,6.0
1669,3.0,2.0,,3.0,3.0
1670,1.0,20.0,,2.0,4.0
1671,1.0,1.0,,3.0,15.0
1672,4.0,1.0,,2.0,2.0
1673,6.0,2.0,,1.0,2.0
1674,1.0,2.0,,2.0,139.0
1675,1.0,14.0,,1.0,1.0
1676,3.0,1.0,,1.0,59.0
1677,1.0,4.0,,3.0,1.0
1678,1.0,12.0,,30.0,1.0
1679,1.0,10.0,,6.0,187.0
1680,72.0,9.0,,1.0,8.0
1681,4.0,8.0,,1.0,4.0
1682,1.0,1.0,,7.0,1.0
1683,12.0,1.0,,1.0,24.0
1684,1.0,2.0,,1.0,93.0
1685,1.0,1.0,,2.0,9.0
1686,6.0,1.0,,1.0,2.0
1687,52.0,2.0,,1.0,2.0
1688,7.0,3.0,,3.0,22.0
1689,14.0,3.0,,6.0,5.0
1690,42.0,2.0,,66.0,27.0
1691,3.0,23.0,,1.0,24.0
1692,2.0,6.0,,1.0,5.0
1693,2.0,1.0,,4.0,1.0
1694,12.0,12.0,,31.0,6.0
1695,26.0,14.0,,2.0,16.0
1696,1.0,2.0,,1.0,16.0
1697,2.0,4.0,,3.0,32.0
1698,4.0,3.0,,1.0,66.0
1699,5.0,2.0,,1.0,5.0
1700,2.0,1.0,,2.0,70.0
1701,1.0,31.0,,18.0,1.0
1702,3.0,1.0,,2.0,41.0
1703,6.0,4.0,,16.0,40.0
1704,5.0,14.0,,1.0,1.0
1705,2.0,1.0,,1.0,8.0
1706,1.0,14.0,,4.0,1.0
1707,4.0,30.0,,6.0,1.0
1708,7.0,1.0,,2.0,35.0
1709,2.0,1.0,,1.0,6.0
1710,5.0,1.0,,1.0,2.0
1711,1.0,1.0,,1.0,4.0
1712,1.0,2.0,,1.0,1.0
1713,110.0,1.0,,14.0,55.0
1714,2.0,3.0,,3.0,7.0
1715,2.0,6.0,,1.0,3.0
1716,3.0,19.0,,1.0,11.0
1717,2.0,6.0,,39.0,3.0
1718,2.0,1.0,,19.0,8.0
1719,2.0,4.0,,1.0,2.0
1720,2.0,3.0,,1.0,6.0
1721,2.0,29.0,,1.0,36.0
1722,28.0,1.0,,13.0,1.0
1723,6.0,1.0,,7.0,2.0
1724,1.0,9.0,,2.0,1.0
1725,1.0,4.0,,1.0,7.0
1726,1.0,8.0,,1.0,6.0
1727,8.0,39.0,,2.0,2.0
1728,2.0,6.0,,2.0,5.0
1729,3.0,1.0,,1.0,2.0
1730,4.0,3.0,,20.0,22.0
1731,10.0,1.0,,14.0,1.0
1732,1.0,4.0,,3.0,10.0
1733,4.0,1.0,,1.0,1.0
1734,9.0,1.0,,1.0,1.0
1735,1.0,9.0,,16.0,1.0
1736,79.0,7.0,,1.0,1.0
1737,2.0,1.0,,1.0,50.0
1738,1.0,1.0,,11.0,11.0
1739,11.0,24.0,,2.0,32.0
1740,2.0,2.0,,1.0,2.0
1741,18.0,1.0,,2.0,1.0
1742,2.0,1.0,,6.0,15.0
1743,1.0,2.0,,2.0,4.0
1744,1.0,1.0,,6.0,1.0
1745,5.0,1.0,,7.0,1.0
1746,13.0,9.0,,14.0,5.0
1747,12.0,2.0,,1.0,23.0
1748,1.0,1.0,,1.0,1.0
1749,1.0,6.0,,3.0,8.0
1750,3.0,1.0,,1.0,1.0
1751,104.0,1.0,,1.0,9.0
1752,1.0,1.0,,1.0,9.0
1753,2.0,14.0,,6.0,1.0
1754,8.0,1.0,,2.0,1.0
1755,1.0,1.0,,1.0,38.0
1756,6.0,39.0,,1.0,13.0
1757,85.0,1.0,,1.0,32.0
1758,1.0,1.0,,3.0,2.0
1759,91.0,1.0,,3.0,1.0
1760,2.0,1.0,,7.0,5.0
1761,3.0,6.0,,1.0,2.0
1762,2.0,4.0,,1.0,1.0
1763,1.0,3.0,,4.0,3.0
1764,5.0,1.0,,9.0,1.0
1765,9.0,1.0,,2.0,3.0
1766,1.0,2.0,,3.0,2.0
1767,27.0,1.0,,1.0,1.0
1768,3.0,2.0,,10.0,1.0
1769,2.0,65.0,,2.0,2.0
1770,4.0,9.0,,2.0,2.0
1771,48.0,1.0,,1.0,1.0
1772,3.0,3.0,,3.0,21.0
1773,1.0,1.0,,1.0,4.0
1774,10.0,1.0,,7.0,3.0
1775,14.0,19.0,,1.0,2.0
1776,1.0,2.0,,1.0,79.0
1777,1.0,1.0,,2.0,2.0
1778,3.0,1.0,,20.0,10.0
1779,2.0,1.0,,24.0,12.0
1780,2.0,2.0,,1.0,1.0
1781,2.0,1.0,,1.0,23.0
1782,1.0,1.0,,2.0,1.0
1783,40.0,1.0,,2.0,1.0
1784,6.0,2.0,,4.0,4.0
1785,24.0,6.0,,1.0,2.0
1786,3.0,1.0,,1.0,4.0
1787,62.0,13.0,,1.0,1.0
1788,4.0,39.0,,1.0,6.0
1789,3.0,4.0,,4.0,2.0
1790,1.0,4.0,,38.0,2.0
1791,11.0,8.0,,4.0,2.0
1792,9.0,2.0,,124.0,1.0
1793,1.0,4.0,,1.0,2.0
1794,44.0,1.0,,3.0,1.0
1795,21.0,2.0,,5.0,6.0
1796,7.0,1.0,,1.0,2.0
1797,5.0,4.0,,1.0,4.0
1798,22.0,5.0,,1.0,2.0
1799,18.0,10.0,,26.0,2.0
1800,50.0,8.0,,12.0,5.0
1801,56.0,11.0,,4.0,1.0
1802,1.0,3.0,,2.0,10.0
1803,3.0,4.0,,1.0,4.0
1804,5.0,8.0,,3.0,3.0
1805,1.0,6.0,,2.0,2.0
1806,1.0,8.0,,1.0,3.0
1807,1.0,1.0,,26.0,16.0
1808,1.0,1.0,,35.0,1.0
1809,2.0,1.0,,15.0,1.0
1810,10.0,2.0,,1.0,1.0
1811,1.0,1.0,,6.0,1.0
1812,2.0,3.0,,1.0,3.0
1813,3.0,2.0,,2.0,5.0
1814,81.0,7.0,,2.0,1.0
1815,4.0,,,1.0,41.0
1816,3.0,,,1.0,4.0
1817,4.0,,,5.0,34.0
1818,5.0,,,23.0,5.0
1819,39.0,,,1.0,1.0
1820,1.0,,,4.0,1.0
1821,1.0,,,6.0,2.0
1822,3.0,,,2.0,2.0
1823,8.0,,,7.0,16.0
1824,2.0,,,4.0,1.0
1825,3.0,,,37.0,68.0
1826,2.0,,,15.0,52.0
1827,42.0,,,1.0,16.0
1828,2.0,,,21.0,1.0
1829,14.0,,,28.0,3.0
1830,3.0,,,11.0,2.0
1831,1.0,,,2.0,26.0
1832,9.0,,,1.0,10.0
1833,2.0,,,1.0,10.0
1834,1.0,,,1.0,2.0
1835,2.0,,,3.0,9.0
1836,12.0,,,9.0,7.0
1837,11.0,,,1.0,12.0
1838,4.0,,,4.0,12.0
1839,4.0,,,1.0,46.0
1840,4.0,,,32.0,1.0
1841,2.0,,,2.0,2.0
1842,52.0,,,2.0,14.0
1843,5.0,,,1.0,18.0
1844,7.0,,,1.0,7.0
1845,4.0,,,1.0,2.0
1846,1.0,,,1.0,9.0
1847,49.0,,,1.0,2.0
1848,54.0,,,3.0,12.0
1849,1.0,,,1.0,104.0
1850,15.0,,,238.0,14.0
1851,1.0,,,1.0,6.0
1852,23.0,,,1.0,1.0
1853,4.0,,,1.0,6.0
1854,1.0,,,7.0,2.0
1855,6.0,,,3.0,3.0
1856,14.0,,,2.0,1.0
1857,2.0,,,1.0,5.0
1858,1.0,,,1.0,7.0
1859,10.0,,,1.0,1.0
1860,1.0,,,1.0,6.0
1861,1.0,,,1.0,2.0
1862,10.0,,,1.0,1.0
1863,2.0,,,21.0,1.0
1864,49.0,,,1.0,3.0
1865,43.0,,,5.0,16.0
1866,66.0,,,1.0,8.0
1867,6.0,,,4.0,4.0
1868,1.0,,,1.0,2.0
1869,1.0,,,5.0,3.0
1870,4.0,,,1.0,1.0
1871,21.0,,,2.0,2.0
1872,2.0,,,2.0,8.0
1873,24.0,,,1.0,3.0
1874,61.0,,,2.0,1.0
1875,1.0,,,1.0,1.0
1876,2.0,,,2.0,4.0
1877,1.0,,,1.0,3.0
1878,4.0,,,1.0,7.0
1879,1.0,,,1.0,2.0
1880,46.0,,,2.0,10.0
1881,2.0,,,2.0,3.0
1882,1.0,,,3.0,1.0
1883,3.0,,,1.0,2.0
1884,1.0,,,9.0,26.0
1885,1.0,,,4.0,2.0
1886,10.0,,,1.0,21.0
1887,1.0,,,2.0,4.0
1888,1.0,,,1.0,1.0
1889,10.0,,,1.0,8.0
1890,10.0,,,1.0,1.0
1891,1.0,,,2.0,5.0
1892,1.0,,,1.0,2.0
1893,7.0,,,1.0,13.0
1894,5.0,,,1.0,1.0
1895,28.0,,,79.0,1.0
1896,13.0,,,1.0,5.0
1897,2.0,,,1.0,3.0
1898,18.0,,,1.0,12.0
1899,19.0,,,1.0,2.0
1900,5.0,,,7.0,165.0
1901,18.0,,,2.0,8.0
1902,1.0,,,1.0,199.0
1903,10.0,,,14.0,7.0
1904,16.0,,,1.0,43.0
1905,1.0,,,1.0,9.0
1906,3.0,,,31.0,2.0
1907,8.0,,,2.0,20.0
1908,1.0,,,1.0,1.0
1909,4.0,,,1.0,46.0
1910,2.0,,,3.0,10.0
1911,1.0,,,1.0,6.0
1912,1.0,,,18.0,15.0
1913,52.0,,,68.0,3.0
1914,1.0,,,1.0,56.0
1915,1.0,,,1.0,20.0
1916,8.0,,,1.0,1.0
1917,7.0,,,2.0,19.0
1918,19.0,,,9.0,26.0
1919,7.0,,,1.0,3.0
1920,11.0,,,2.0,5.0
1921,9.0,,,1.0,26.0
1922,1.0,,,12.0,23.0
1923,5.0,,,1.0,2.0
1924,1.0,,,1.0,220.0
1925,4.0,,,24.0,1.0
1926,15.0,,,1.0,44.0
1927,3.0,,,1.0,4.0
1928,5.0,,,1.0,8.0
1929,17.0,,,1.0,4.0
1930,18.0,,,1.0,1.0
1931,1.0,,,1.0,59.0
1932,7.0,,,29.0,2.0
1933,6.0,,,2.0,2.0
1934,2.0,,,1.0,12.0
1935,1.0,,,1.0,2.0
1936,1.0,,,2.0,3.0
1937,53.0,,,1.0,1562.0
1938,1.0,,,2.0,3.0
1939,11.0,,,5.0,1.0
1940,5.0,,,1.0,27.0
1941,3.0,,,12.0,1.0
1942,3.0,,,2.0,23.0
1943,1.0,,,1.0,1.0
1944,20.0,,,1.0,1681.0
1945,1.0,,,2.0,3.0
1946,8.0,,,1.0,89.0
1947,4.0,,,1.0,4.0
1948,3.0,,,1.0,2.0
1949,1.0,,,1.0,2.0
1950,1.0,,,1.0,1.0
1951,7.0,,,1.0,12.0
1952,1.0,,,1.0,1.0
1953,4.0,,,2.0,1.0
1954,3.0,,,5.0,133.0
1955,5.0,,,1.0,23.0
1956,5.0,,,1.0,4.0
1957,9.0,,,15.0,2.0
1958,4.0,,,1.0,18.0
1959,1.0,,,1.0,10.0
1960,5.0,,,7.0,1.0
1961,5.0,,,2.0,2.0
1962,1.0,,,1.0,12.0
1963,13.0,,,1.0,58.0
1964,8.0,,,3.0,26.0
1965,1.0,,,1.0,25.0
1966,6.0,,,2.0,2.0
1967,6.0,,,2.0,15.0
1968,20.0,,,1.0,1.0
1969,2.0,,,1.0,1.0
1970,1.0,,,1.0,8.0
1971,5.0,,,1.0,37.0
1972,2.0,,,9.0,1.0
1973,1.0,,,1.0,49.0
1974,11.0,,,1.0,9.0
1975,2.0,,,2.0,2.0
1976,1.0,,,1.0,12.0
1977,1.0,,,203.0,16.0
1978,2.0,,,345.0,13.0
1979,33.0,,,12.0,1.0
1980,1.0,,,36.0,28.0
1981,2.0,,,1.0,2.0
1982,23.0,,,1.0,2.0
1983,4.0,,,200.0,3.0
1984,2.0,,,1.0,1.0
1985,2.0,,,1.0,8.0
1986,7.0,,,1.0,3.0
1987,6.0,,,3.0,21.0
1988,12.0,,,3.0,5.0
1989,3.0,,,5.0,1.0
1990,2.0,,,1.0,37.0
1991,1.0,,,2.0,1.0
1992,2.0,,,5.0,15.0
1993,7.0,,,3.0,1.0
1994,1.0,,,1.0,1.0
1995,1.0,,,1.0,2.0
1996,1.0,,,1.0,1.0
1997,26.0,,,1.0,1.0
1998,1.0,,,1.0,2.0
1999,5.0,,,1.0,4.0
2000,1.0,,,1.0,2.0
2001,1.0,,,2.0,6.0
2002,9.0,,,13.0,1.0
2003,20.0,,,1.0,2.0
2004,1.0,,,22.0,1.0
2005,1.0,,,3.0,4.0
2006,3.0,,,1.0,21.0
2007,2.0,,,1.0,23.0
2008,3.0,,,1.0,3.0
2009,1.0,,,1.0,10.0
2010,1.0,,,2.0,2.0
2011,3.0,,,1.0,8.0
2012,6.0,,,18.0,215.0
2013,3.0,,,6.0,89.0
2014,1.0,,,1.0,6.0
2015,4.0,,,1.0,63.0
2016,2.0,,,2.0,1.0
2017,46.0,,,2.0,2.0
2018,14.0,,,1.0,31.0
2019,3.0,,,40.0,1.0
2020,5.0,,,1.0,2.0
2021,1.0,,,22.0,29.0
2022,3.0,,,3.0,18.0
2023,1.0,,,1.0,3.0
2024,1.0,,,8.0,4.0
2025,4.0,,,18.0,6.0
2026,4.0,,,1.0,1.0
2027,4.0,,,7.0,2.0
2028,8.0,,,1.0,13.0
2029,3.0,,,4.0,118.0
2030,42.0,,,1.0,1.0
2031,10.0,,,8.0,3.0
2032,4.0,,,4.0,9.0
2033,2.0,,,1.0,2.0
2034,3.0,,,1.0,2.0
2035,3.0,,,2.0,1.0
2036,4.0,,,1.0,22.0
2037,1.0,,,1.0,3.0
2038,5.0,,,13.0,47.0
2039,12.0,,,1.0,18.0
2040,4.0,,,3.0,4.0
2041,2.0,,,12.0,3.0
2042,22.0,,,3.0,1.0
2043,4.0,,,1.0,3.0
2044,4.0,,,5.0,19.0
2045,6.0,,,1.0,3.0
2046,1.0,,,1.0,1.0
2047,2.0,,,1.0,16.0
2048,9.0,,,39.0,13.0
2049,3.0,,,1.0,3.0
2050,1.0,,,2.0,1.0
2051,2.0,,,6.0,32.0
2052,2.0,,,1.0,7.0
2053,5.0,,,1.0,2.0
2054,3.0,,,1.0,4.0
2055,68.0,,,1.0,59.0
2056,1.0,,,1.0,1.0
2057,9.0,,,1.0,1.0
2058,1.0,,,18.0,27.0
2059,11.0,,,2.0,12.0
2060,1.0,,,75.0,3.0
2061,1.0,,,1.0,11.0
2062,2.0,,,1.0,1.0
2063,7.0,,,1.0,5.0
2064,29.0,,,1.0,2.0
2065,10.0,,,93.0,6.0
2066,1.0,,,2.0,1.0
2067,3.0,,,3.0,3.0
2068,449.0,,,3.0,7.0
2069,40.0,,,1.0,50.0
2070,2.0,,,1.0,1.0
2071,1.0,,,1.0,6.0
2072,1.0,,,1.0,1.0
2073,2.0,,,1.0,24.0
2074,4.0,,,1.0,3.0
2075,2.0,,,1.0,1.0
2076,1.0,,,1.0,2.0
2077,3.0,,,2.0,2.0
2078,1.0,,,3.0,2.0
2079,2.0,,,1.0,3.0
2080,1.0,,,2.0,5.0
2081,6.0,,,1.0,4.0
2082,16.0,,,1.0,1.0
2083,1.0,,,1.0,1.0
2084,3.0,,,1.0,2.0
2085,8.0,,,6.0,6.0
2086,1.0,,,1.0,8.0
2087,1.0,,,63.0,22.0
2088,1.0,,,1.0,2.0
2089,1.0,,,4.0,10.0
2090,4.0,,,3.0,7.0
2091,5.0,,,1.0,2.0
2092,21.0,,,1.0,12.0
2093,11.0,,,1.0,1.0
2094,3.0,,,1.0,2.0
2095,1.0,,,1.0,1.0
2096,192.0,,,1.0,2.0
2097,3.0,,,1.0,1.0
2098,10.0,,,1.0,33.0
2099,337.0,,,1.0,29.0
2100,1.0,,,1.0,29.0
2101,11.0,,,1.0,72.0
2102,2.0,,,3.0,12.0
2103,1.0,,,19.0,3.0
2104,17.0,,,5.0,5.0
2105,1.0,,,3.0,5.0
2106,3.0,,,3.0,9.0
2107,1.0,,,1.0,1.0
2108,1.0,,,1.0,45.0
2109,1.0,,,3.0,3.0
2110,1.0,,,1.0,3.0
2111,1.0,,,4.0,4.0
2112,1.0,,,5.0,7.0
2113,6.0,,,1.0,1.0
2114,1.0,,,2.0,4.0
2115,17.0,,,1.0,6.0
2116,1.0,,,203.0,5.0
2117,1.0,,,1.0,5.0
2118,2.0,,,1.0,66.0
2119,4.0,,,1.0,3.0
2120,2.0,,,17.0,49.0
2121,3.0,,,1.0,1.0
2122,1.0,,,3.0,1.0
2123,1.0,,,23.0,10.0
2124,6.0,,,1.0,28.0
2125,4.0,,,1.0,39.0
2126,1.0,,,3.0,48.0
2127,1.0,,,1.0,1.0
2128,41.0,,,1.0,50.0
2129,3.0,,,1.0,1.0
2130,3.0,,,5.0,4.0
2131,9.0,,,28.0,25.0
2132,2.0,,,1.0,62.0
2133,7.0,,,2.0,1.0
2134,196.0,,,1.0,97.0
2135,1.0,,,1.0,4.0
2136,25.0,,,6.0,88.0
2137,2.0,,,1.0,3.0
2138,1.0,,,2.0,2.0
2139,12.0,,,5.0,1.0
2140,1.0,,,1.0,3.0
2141,4.0,,,1.0,14.0
2142,57.0,,,8.0,16.0
2143,1.0,,,1.0,4.0
2144,31.0,,,4.0,2.0
2145,1.0,,,3.0,4.0
2146,1.0,,,1.0,1.0
2147,1.0,,,45.0,13.0
2148,15.0,,,70.0,2.0
2149,1.0,,,16.0,14.0
2150,2.0,,,1.0,8.0
2151,1.0,,,1.0,2.0
2152,1.0,,,1.0,3.0
2153,12.0,,,1.0,3.0
2154,7.0,,,1.0,47.0
2155,5.0,,,3.0,13.0
2156,57.0,,,2.0,2.0
2157,1.0,,,1.0,4.0
2158,2.0,,,2.0,47.0
2159,1.0,,,1.0,1.0
2160,1.0,,,3.0,11.0
2161,1.0,,,7.0,1.0
2162,1.0,,,6.0,2.0
2163,1.0,,,3.0,4.0
2164,2.0,,,1.0,77.0
2165,1.0,,,21.0,1.0
2166,1.0,,,1.0,4.0
2167,1.0,,,13.0,3.0
2168,141.0,,,1.0,16.0
2169,1.0,,,23.0,26.0
2170,1.0,,,10.0,1.0
2171,1.0,,,66.0,11.0
2172,2.0,,,2.0,2.0
2173,1.0,,,1.0,39.0
2174,17.0,,,71.0,2.0
2175,1.0,,,2.0,61.0
2176,7.0,,,9.0,36.0
2177,24.0,,,1.0,2.0
2178,70.0,,,80.0,1.0
2179,1.0,,,1.0,2.0
2180,16.0,,,1.0,1.0
2181,5.0,,,1.0,1.0
2182,2.0,,,85.0,5.0
2183,1.0,,,2.0,37.0
2184,1.0,,,7.0,5.0
2185,2.0,,,1.0,5.0
2186,1.0,,,1.0,2.0
2187,4.0,,,1.0,3.0
2188,10.0,,,5.0,1.0
2189,2.0,,,5.0,1.0
2190,35.0,,,1.0,6.0
2191,2.0,,,1.0,12.0
2192,2.0,,,1.0,6.0
2193,4.0,,,2.0,9.0
2194,1.0,,,4.0,6.0
2195,1.0,,,1.0,1.0
2196,1.0,,,10.0,1.0
2197,4.0,,,28.0,1.0
2198,1.0,,,1.0,5.0
2199,1.0,,,1.0,6.0
2200,11.0,,,1.0,50.0
2201,,,,34.0,1.0
2202,,,,1.0,1.0
2203,,,,1.0,3.0
2204,,,,1.0,1.0
2205,,,,1.0,2.0
2206,,,,32.0,10.0
2207,,,,2.0,2.0
2208,,,,11.0,1.0
2209,,,,9.0,31.0
2210,,,,2.0,4.0
2211,,,,1.0,3.0
2212,,,,1.0,11.0
2213,,,,1.0,14.0
2214,,,,3.0,3.0
2215,,,,94.0,36.0
2216,,,,1.0,9.0
2217,,,,1.0,39.0
2218,,,,18.0,1.0
2219,,,,73.0,1.0
2220,,,,2.0,2.0
2221,,,,4.0,1.0
2222,,,,3.0,6.0
2223,,,,5.0,66.0
2224,,,,1.0,5.0
2225,,,,3.0,4.0
2226,,,,2.0,1.0
2227,,,,1.0,3.0
2228,,,,1.0,3.0
2229,,,,1.0,33.0
2230,,,,1.0,36.0
2231,,,,2.0,7.0
2232,,,,1.0,1.0
2233,,,,3.0,9.0
2234,,,,3.0,1.0
2235,,,,2.0,7.0
2236,,,,1.0,1.0
2237,,,,1.0,3.0
2238,,,,4.0,7.0
2239,,,,31.0,2.0
2240,,,,1.0,3.0
2241,,,,1.0,1.0
2242,,,,3.0,3.0
2243,,,,7.0,2.0
2244,,,,1.0,1.0
2245,,,,1.0,5.0
2246,,,,2.0,3.0
2247,,,,4.0,5.0
2248,,,,1.0,2.0
2249,,,,2.0,3.0
2250,,,,2.0,3.0
2251,,,,1.0,1.0
2252,,,,4.0,2.0
2253,,,,1.0,2.0
2254,,,,1.0,13.0
2255,,,,4.0,18.0
2256,,,,1.0,3.0
2257,,,,1.0,5.0
2258,,,,2.0,6.0
2259,,,,1.0,22.0
2260,,,,1.0,1.0
2261,,,,1.0,156.0
2262,,,,1.0,6.0
2263,,,,1.0,6.0
2264,,,,7.0,2.0
2265,,,,1.0,6.0
2266,,,,2.0,45.0
2267,,,,2.0,2.0
2268,,,,1.0,34.0
2269,,,,1.0,1.0
2270,,,,1.0,3.0
2271,,,,4.0,35.0
2272,,,,16.0,1.0
2273,,,,4.0,4.0
2274,,,,1.0,37.0
2275,,,,1.0,2.0
2276,,,,1.0,4.0
2277,,,,1.0,1.0
2278,,,,3.0,35.0
2279,,,,2.0,22.0
2280,,,,1.0,14.0
2281,,,,1.0,16.0
2282,,,,1.0,13.0
2283,,,,2.0,41.0
2284,,,,1.0,18.0
2285,,,,2.0,42.0
2286,,,,3.0,2.0
2287,,,,1.0,6.0
2288,,,,2.0,2.0
2289,,,,6.0,5.0
2290,,,,1.0,36.0
2291,,,,1.0,3.0
2292,,,,2.0,1.0
2293,,,,11.0,4.0
2294,,,,2.0,2.0
2295,,,,1.0,1.0
2296,,,,144.0,3.0
2297,,,,2.0,1.0
2298,,,,1.0,52.0
2299,,,,1.0,20.0
2300,,,,6.0,12.0
2301,,,,4.0,8.0
2302,,,,1.0,8.0
2303,,,,1.0,16.0
2304,,,,1.0,6.0
2305,,,,1.0,55.0
2306,,,,1.0,1.0
2307,,,,1.0,2.0
2308,,,,5.0,37.0
2309,,,,4.0,3.0
2310,,,,4.0,2.0
2311,,,,1.0,1.0
2312,,,,2.0,1.0
2313,,,,4.0,3.0
2314,,,,2.0,1.0
2315,,,,1.0,2.0
2316,,,,7.0,19.0
2317,,,,2.0,54.0
2318,,,,12.0,1.0
2319,,,,2.0,3.0
2320,,,,43.0,1.0
2321,,,,2.0,3.0
2322,,,,1.0,1.0
2323,,,,3.0,2.0
2324,,,,1.0,4.0
2325,,,,1.0,5.0
2326,,,,2.0,3.0
2327,,,,1.0,4.0
2328,,,,2.0,3.0
2329,,,,1.0,1.0
2330,,,,2.0,1.0
2331,,,,1.0,1.0
2332,,,,1.0,2.0
2333,,,,3.0,1.0
2334,,,,3.0,1.0
2335,,,,2.0,1.0
2336,,,,1.0,2.0
2337,,,,1.0,42.0
2338,,,,1.0,30.0
2339,,,,4.0,30.0
2340,,,,1.0,1.0
2341,,,,1.0,3.0
2342,,,,3.0,3.0
2343,,,,1.0,14.0
2344,,,,1.0,56.0
2345,,,,2.0,3.0
2346,,,,1.0,8.0
2347,,,,5.0,2.0
2348,,,,1.0,1.0
2349,,,,21.0,1.0
2350,,,,1.0,3.0
2351,,,,3.0,5.0
2352,,,,6.0,17.0
2353,,,,2.0,3.0
2354,,,,1.0,1.0
2355,,,,2.0,2.0
2356,,,,86.0,1.0
2357,,,,1.0,2.0
2358,,,,1.0,1.0
2359,,,,1.0,1.0
2360,,,,1.0,15.0
2361,,,,1.0,51.0
2362,,,,2.0,2.0
2363,,,,2.0,2.0
2364,,,,1.0,1.0
2365,,,,2.0,1.0
2366,,,,1.0,1.0
2367,,,,1.0,11.0
2368,,,,1.0,2.0
2369,,,,3.0,2.0
2370,,,,1.0,1.0
2371,,,,2.0,9.0
2372,,,,1.0,8.0
2373,,,,4.0,7.0
2374,,,,1.0,1.0
2375,,,,1.0,1.0
2376,,,,2.0,1.0
2377,,,,2.0,6.0
2378,,,,1.0,13.0
2379,,,,2.0,1.0
2380,,,,55.0,1.0
2381,,,,2.0,6.0
2382,,,,2.0,11.0
2383,,,,1.0,1.0
2384,,,,3.0,2.0
2385,,,,75.0,1.0
2386,,,,2.0,1.0
2387,,,,2.0,11.0
2388,,,,3.0,23.0
2389,,,,2.0,1.0
2390,,,,1.0,1.0
2391,,,,1.0,5.0
2392,,,,3.0,4.0
2393,,,,18.0,1.0
2394,,,,1.0,3.0
2395,,,,1.0,2.0
2396,,,,2.0,1.0
2397,,,,2.0,59.0
2398,,,,1.0,22.0
2399,,,,12.0,7.0
2400,,,,1.0,1.0
2401,,,,1.0,1.0
2402,,,,2.0,3.0
2403,,,,4.0,20.0
2404,,,,4.0,3.0
2405,,,,69.0,3.0
2406,,,,1.0,1.0
2407,,,,1.0,2.0
2408,,,,2.0,37.0
2409,,,,1.0,50.0
2410,,,,1.0,133.0
2411,,,,2.0,55.0
2412,,,,1.0,12.0
2413,,,,1.0,3.0
2414,,,,6.0,1.0
2415,,,,85.0,2.0
2416,,,,1.0,1.0
2417,,,,1.0,1.0
2418,,,,6.0,21.0
2419,,,,2.0,1.0
2420,,,,1.0,1.0
2421,,,,1.0,26.0
2422,,,,1.0,1.0
2423,,,,2.0,59.0
2424,,,,1.0,1.0
2425,,,,4.0,30.0
2426,,,,7.0,1.0
2427,,,,1.0,1.0
2428,,,,2.0,1.0
2429,,,,1.0,1.0
2430,,,,2.0,41.0
2431,,,,1.0,165.0
2432,,,,1.0,2.0
2433,,,,1.0,4.0
2434,,,,4.0,11.0
2435,,,,5.0,1.0
2436,,,,1.0,2.0
2437,,,,26.0,1.0
2438,,,,2.0,3.0
2439,,,,1.0,2.0
2440,,,,2.0,1.0
2441,,,,1.0,7.0
2442,,,,2.0,4.0
2443,,,,1.0,1.0
2444,,,,2.0,1.0
2445,,,,1.0,1.0
2446,,,,2.0,3.0
2447,,,,13.0,3.0
2448,,,,1.0,4.0
2449,,,,2.0,8.0
2450,,,,5.0,1.0
2451,,,,26.0,2.0
2452,,,,8.0,1.0
2453,,,,1.0,1.0
2454,,,,1.0,1.0
2455,,,,1.0,1.0
2456,,,,1.0,1.0
2457,,,,5.0,36.0
2458,,,,2.0,3.0
2459,,,,1.0,1.0
2460,,,,59.0,2.0
2461,,,,1.0,9.0
2462,,,,17.0,42.0
2463,,,,2.0,1.0
2464,,,,1.0,5.0
2465,,,,7.0,1.0
2466,,,,1.0,1.0
2467,,,,4.0,1.0
2468,,,,1.0,1.0
2469,,,,1.0,1.0
2470,,,,1.0,3.0
2471,,,,41.0,3.0
2472,,,,2.0,15.0
2473,,,,2.0,3.0
2474,,,,2.0,5.0
2475,,,,4.0,3.0
2476,,,,4.0,28.0
2477,,,,2.0,2.0
2478,,,,1.0,2.0
2479,,,,1.0,3.0
2480,,,,6.0,3.0
2481,,,,1.0,6.0
2482,,,,3.0,1.0
2483,,,,1.0,3.0
2484,,,,1.0,576.0
2485,,,,1.0,46.0
2486,,,,4.0,1.0
2487,,,,1.0,237.0
2488,,,,3.0,1.0
2489,,,,2.0,1.0
2490,,,,1.0,1.0
2491,,,,1.0,110.0
2492,,,,2.0,2.0
2493,,,,11.0,1.0
2494,,,,1.0,4.0
2495,,,,4.0,15.0
2496,,,,92.0,3.0
2497,,,,2.0,2.0
2498,,,,1.0,2.0
2499,,,,7.0,1.0
2500,,,,2.0,1.0
2501,,,,56.0,1.0
2502,,,,3.0,87.0
2503,,,,4.0,5.0
2504,,,,1.0,1.0
2505,,,,3.0,1.0
2506,,,,1.0,10.0
2507,,,,2.0,1.0
2508,,,,1.0,1.0
2509,,,,5.0,4.0
2510,,,,3.0,1.0
2511,,,,142.0,1.0
2512,,,,1.0,20.0
2513,,,,83.0,1.0
2514,,,,6.0,2.0
2515,,,,8.0,3.0
2516,,,,3.0,1.0
2517,,,,10.0,1.0
2518,,,,6.0,1.0
2519,,,,2.0,1.0
2520,,,,2.0,18.0
2521,,,,1.0,31.0
2522,,,,4.0,1.0
2523,,,,4.0,1.0
2524,,,,1.0,1.0
2525,,,,19.0,1.0
2526,,,,6.0,1.0
2527,,,,1.0,5.0
2528,,,,1.0,1.0
2529,,,,1.0,1.0
2530,,,,5.0,1.0
2531,,,,5.0,1.0
2532,,,,1.0,1.0
2533,,,,5.0,1.0
2534,,,,1.0,1.0
2535,,,,8.0,1.0
2536,,,,1.0,1.0
2537,,,,1.0,1.0
2538,,,,8.0,7.0
2539,,,,1.0,1.0
2540,,,,3.0,1.0
2541,,,,1.0,1.0
2542,,,,1.0,136.0
2543,,,,1.0,1.0
2544,,,,2.0,5.0
2545,,,,5.0,1.0
2546,,,,1.0,1.0
2547,,,,1.0,1.0
2548,,,,2.0,1.0
2549,,,,1.0,1.0
2550,,,,1.0,1.0
2551,,,,1.0,1.0
2552,,,,1.0,1.0
2553,,,,30.0,1.0
2554,,,,3.0,2.0
2555,,,,7.0,52.0
2556,,,,34.0,1.0
2557,,,,2.0,1.0
2558,,,,2.0,2.0
2559,,,,2.0,1.0
2560,,,,3.0,1.0
2561,,,,1.0,1.0
2562,,,,1.0,3.0
2563,,,,2.0,6.0
2564,,,,1.0,1.0
2565,,,,2.0,1.0
2566,,,,1.0,1.0
2567,,,,1.0,1.0
2568,,,,2.0,1.0
2569,,,,5.0,1.0
2570,,,,3.0,1.0
2571,,,,4.0,1.0
2572,,,,2.0,2.0
2573,,,,2.0,8.0
2574,,,,1.0,3.0
2575,,,,1.0,1.0
2576,,,,1.0,2.0
2577,,,,1.0,1.0
2578,,,,8.0,1.0
2579,,,,1.0,2.0
2580,,,,1.0,1.0
2581,,,,2.0,1.0
2582,,,,1.0,1.0
2583,,,,1.0,4.0
2584,,,,3.0,1.0
2585,,,,1.0,1.0
2586,,,,37.0,1.0
2587,,,,2.0,8.0
2588,,,,1.0,1.0
2589,,,,3.0,1.0
2590,,,,11.0,2.0
2591,,,,2.0,55.0
2592,,,,1.0,2.0
2593,,,,2.0,1.0
2594,,,,1.0,14.0
2595,,,,1.0,1.0
2596,,,,8.0,1.0
2597,,,,3.0,1.0
2598,,,,4.0,66.0
2599,,,,34.0,2.0
2600,,,,7.0,3.0
2601,,,,7.0,1.0
2602,,,,2.0,1.0
2603,,,,13.0,1.0
2604,,,,7.0,25.0
2605,,,,1.0,173.0
2606,,,,1.0,49.0
2607,,,,1.0,1.0
2608,,,,1.0,1.0
2609,,,,27.0,1.0
2610,,,,3.0,1.0
2611,,,,1.0,1.0
2612,,,,3.0,16.0
2613,,,,1.0,25.0
2614,,,,2.0,97.0
2615,,,,4.0,1.0
2616,,,,24.0,1.0
2617,,,,9.0,88.0
2618,,,,1.0,3.0
2619,,,,1.0,5.0
2620,,,,15.0,1.0
2621,,,,2.0,73.0
2622,,,,1.0,10.0
2623,,,,2.0,1.0
2624,,,,1.0,38.0
2625,,,,1.0,2.0
2626,,,,19.0,1.0
2627,,,,18.0,15.0
2628,,,,2.0,125.0
2629,,,,2.0,3.0
2630,,,,2.0,24.0
2631,,,,145.0,4.0
2632,,,,31.0,1.0
2633,,,,48.0,1.0
2634,,,,6.0,1.0
2635,,,,1.0,37.0
2636,,,,2.0,2.0
2637,,,,1.0,1.0
2638,,,,9.0,2.0
2639,,,,3.0,9.0
2640,,,,14.0,75.0
2641,,,,17.0,1.0
2642,,,,2.0,24.0
2643,,,,1.0,2.0
2644,,,,2.0,6.0
2645,,,,22.0,4.0
2646,,,,35.0,77.0
2647,,,,17.0,1.0
2648,,,,39.0,7.0
2649,,,,19.0,1.0
2650,,,,15.0,28.0
2651,,,,1.0,126.0
2652,,,,1.0,2.0
2653,,,,2.0,1.0
2654,,,,1.0,4.0
2655,,,,1.0,1.0
2656,,,,1.0,1.0
2657,,,,2.0,9.0
2658,,,,3.0,1.0
2659,,,,3.0,1.0
2660,,,,1.0,2.0
2661,,,,1.0,1.0
2662,,,,1.0,1.0
2663,,,,1.0,2.0
2664,,,,2.0,1.0
2665,,,,3.0,2.0
2666,,,,1.0,1.0
2667,,,,1.0,1.0
2668,,,,2.0,2.0
2669,,,,2.0,1.0
2670,,,,1.0,1.0
2671,,,,2.0,58.0
2672,,,,2.0,1.0
2673,,,,1.0,2.0
2674,,,,9.0,52.0
2675,,,,2.0,12.0
2676,,,,2.0,6.0
2677,,,,1.0,1.0
2678,,,,1.0,55.0
2679,,,,1.0,2.0
2680,,,,1.0,1.0
2681,,,,1.0,3.0
2682,,,,1.0,25.0
2683,,,,3.0,4.0
2684,,,,2.0,55.0
2685,,,,1.0,2.0
2686,,,,10.0,2.0
2687,,,,2.0,14.0
2688,,,,1.0,119.0
2689,,,,4.0,2.0
2690,,,,6.0,6.0
2691,,,,2.0,44.0
2692,,,,1.0,2.0
2693,,,,3.0,1.0
2694,,,,1.0,1.0
2695,,,,1.0,2.0
2696,,,,1.0,3.0
2697,,,,1.0,18.0
2698,,,,2.0,21.0
2699,,,,1.0,9.0
2700,,,,6.0,1.0
2701,,,,1.0,1.0
2702,,,,3.0,2.0
2703,,,,1.0,1.0
2704,,,,1.0,2.0
2705,,,,1.0,3.0
2706,,,,2.0,14.0
2707,,,,13.0,9.0
2708,,,,1.0,7.0
2709,,,,2.0,9.0
2710,,,,1.0,1.0
2711,,,,1.0,8.0
2712,,,,1.0,3.0
2713,,,,2.0,1.0
2714,,,,2.0,55.0
2715,,,,1.0,1.0
2716,,,,1.0,4.0
2717,,,,1.0,2.0
2718,,,,2.0,1.0
2719,,,,1.0,1.0
2720,,,,5.0,1.0
2721,,,,1.0,2.0
2722,,,,1.0,5.0
2723,,,,1.0,8.0
2724,,,,3.0,2.0
2725,,,,1.0,3.0
2726,,,,47.0,4.0
2727,,,,1.0,3.0
2728,,,,1.0,7.0
2729,,,,1.0,10.0
2730,,,,1.0,1.0
2731,,,,1.0,43.0
2732,,,,1.0,2.0
2733,,,,2.0,16.0
2734,,,,7.0,9.0
2735,,,,2.0,1.0
2736,,,,1.0,10.0
2737,,,,1.0,1.0
2738,,,,2.0,18.0
2739,,,,1.0,3.0
2740,,,,161.0,4.0
2741,,,,1.0,1.0
2742,,,,5.0,26.0
2743,,,,29.0,2.0
2744,,,,1.0,5.0
2745,,,,1.0,1.0
2746,,,,1.0,3.0
2747,,,,3.0,1.0
2748,,,,13.0,3.0
2749,,,,2.0,15.0
2750,,,,1.0,79.0
2751,,,,2.0,11.0
2752,,,,1.0,4.0
2753,,,,1.0,1.0
2754,,,,1.0,1.0
2755,,,,1.0,1.0
2756,,,,1.0,2.0
2757,,,,41.0,5.0
2758,,,,1.0,4.0
2759,,,,2.0,1.0
2760,,,,5.0,19.0
2761,,,,30.0,1.0
2762,,,,1.0,11.0
2763,,,,23.0,10.0
2764,,,,1.0,42.0
2765,,,,1.0,2.0
2766,,,,1.0,1.0
2767,,,,1.0,1.0
2768,,,,1.0,2.0
2769,,,,2.0,6.0
2770,,,,1.0,3.0
2771,,,,2.0,6.0
2772,,,,5.0,18.0
2773,,,,1.0,5.0
2774,,,,4.0,4.0
2775,,,,1.0,2.0
2776,,,,1.0,4.0
2777,,,,1.0,38.0
2778,,,,1.0,1.0
2779,,,,1.0,16.0
2780,,,,1.0,2.0
2781,,,,2.0,2.0
2782,,,,1.0,2.0
2783,,,,1.0,15.0
2784,,,,1.0,25.0
2785,,,,7.0,2.0
2786,,,,15.0,6.0
2787,,,,1.0,1.0
2788,,,,1.0,1.0
2789,,,,2.0,1.0
2790,,,,7.0,1.0
2791,,,,1.0,1.0
2792,,,,16.0,16.0
2793,,,,1.0,4.0
2794,,,,2.0,3.0
2795,,,,6.0,5.0
2796,,,,2.0,3.0
2797,,,,1.0,1.0
2798,,,,2.0,1.0
2799,,,,9.0,3.0
2800,,,,37.0,24.0
2801,,,,1.0,1.0
2802,,,,2.0,26.0
2803,,,,138.0,1.0
2804,,,,1.0,1.0
2805,,,,1.0,2.0
2806,,,,3.0,2.0
2807,,,,1.0,1.0
2808,,,,4.0,1.0
2809,,,,7.0,5.0
2810,,,,3.0,2.0
2811,,,,3.0,4.0
2812,,,,3.0,8.0
2813,,,,1.0,2.0
2814,,,,9.0,246.0
2815,,,,1.0,14.0
2816,,,,1.0,1.0
2817,,,,1.0,2.0
2818,,,,3.0,3.0
2819,,,,68.0,2.0
2820,,,,1.0,2.0
2821,,,,1.0,13.0
2822,,,,1.0,38.0
2823,,,,1.0,2.0
2824,,,,1.0,42.0
2825,,,,10.0,3.0
2826,,,,1.0,68.0
2827,,,,1.0,3.0
2828,,,,40.0,2.0
2829,,,,1.0,1.0
2830,,,,1.0,22.0
2831,,,,2.0,122.0
2832,,,,3.0,1.0
2833,,,,2.0,29.0
2834,,,,51.0,4.0
2835,,,,3.0,73.0
2836,,,,173.0,1.0
2837,,,,1.0,19.0
2838,,,,16.0,74.0
2839,,,,5.0,2.0
2840,,,,23.0,1.0
2841,,,,5.0,1.0
2842,,,,1.0,1.0
2843,,,,2.0,1.0
2844,,,,3.0,2.0
2845,,,,3.0,73.0
2846,,,,2.0,3.0
2847,,,,21.0,1.0
2848,,,,230.0,3.0
2849,,,,3.0,21.0
2850,,,,3.0,13.0
2851,,,,5.0,51.0
2852,,,,1.0,11.0
2853,,,,1.0,1.0
2854,,,,1.0,9.0
2855,,,,2.0,2.0
2856,,,,6.0,3.0
2857,,,,1.0,1.0
2858,,,,8.0,16.0
2859,,,,2.0,59.0
2860,,,,1.0,6.0
2861,,,,53.0,2.0
2862,,,,3.0,1.0
2863,,,,26.0,1.0
2864,,,,1.0,1.0
2865,,,,2.0,6.0
2866,,,,1.0,1.0
2867,,,,1.0,1.0
2868,,,,1.0,2.0
2869,,,,3.0,1.0
2870,,,,2.0,6.0
2871,,,,1.0,1.0
2872,,,,1.0,34.0
2873,,,,1.0,6.0
2874,,,,2.0,3.0
2875,,,,1.0,2.0
2876,,,,1.0,4.0
2877,,,,1.0,35.0
2878,,,,1.0,40.0
2879,,,,5.0,17.0
2880,,,,1.0,7.0
2881,,,,13.0,12.0
2882,,,,1.0,1.0
2883,,,,3.0,85.0
2884,,,,1.0,9.0
2885,,,,1.0,1.0
2886,,,,4.0,17.0
2887,,,,2.0,7.0
2888,,,,1.0,2.0
2889,,,,1.0,139.0
2890,,,,3.0,8.0
2891,,,,17.0,2.0
2892,,,,8.0,23.0
2893,,,,7.0,6.0
2894,,,,41.0,4.0
2895,,,,1.0,2.0
2896,,,,8.0,1.0
2897,,,,3.0,9.0
2898,,,,1.0,93.0
2899,,,,2.0,157.0
2900,,,,2.0,16.0
2901,,,,1.0,2.0
2902,,,,7.0,2.0
2903,,,,1.0,1.0
2904,,,,6.0,2.0
2905,,,,1.0,6.0
2906,,,,1.0,1.0
2907,,,,1.0,121.0
2908,,,,1.0,10.0
2909,,,,78.0,2.0
2910,,,,74.0,2.0
2911,,,,2.0,1.0
2912,,,,23.0,217.0
2913,,,,1.0,120.0
2914,,,,3.0,4.0
2915,,,,1.0,2.0
2916,,,,6.0,1.0
2917,,,,6.0,1.0
2918,,,,2.0,11.0
2919,,,,1.0,1.0
2920,,,,3.0,31.0
2921,,,,3.0,2.0
2922,,,,13.0,3.0
2923,,,,1.0,3.0
2924,,,,5.0,6.0
2925,,,,4.0,5.0
2926,,,,4.0,1.0
2927,,,,1.0,4.0
2928,,,,1.0,2.0
2929,,,,2.0,2.0
2930,,,,1.0,178.0
2931,,,,1.0,3.0
2932,,,,2.0,14.0
2933,,,,2.0,7.0
2934,,,,1.0,1.0
2935,,,,1.0,1.0
2936,,,,4.0,54.0
2937,,,,6.0,15.0
2938,,,,1.0,174.0
2939,,,,2.0,2.0
2940,,,,2.0,1.0
2941,,,,1.0,9.0
2942,,,,4.0,2.0
2943,,,,1.0,12.0
2944,,,,4.0,4.0
2945,,,,1.0,5.0
2946,,,,2.0,11.0
2947,,,,4.0,24.0
2948,,,,3.0,2.0
2949,,,,1.0,2.0
2950,,,,2.0,3.0
2951,,,,1.0,1.0
2952,,,,2.0,7.0
2953,,,,2.0,30.0
2954,,,,2.0,18.0
2955,,,,1.0,4.0
2956,,,,5.0,89.0
2957,,,,3.0,8.0
2958,,,,1.0,1.0
2959,,,,2.0,2.0
2960,,,,1.0,77.0
2961,,,,1.0,47.0
2962,,,,1.0,1.0
2963,,,,3.0,1.0
2964,,,,68.0,25.0
2965,,,,1.0,9.0
2966,,,,1.0,3.0
2967,,,,1.0,1.0
2968,,,,16.0,6.0
2969,,,,7.0,1.0
2970,,,,1.0,1.0
2971,,,,78.0,1.0
2972,,,,1.0,19.0
2973,,,,1.0,18.0
2974,,,,1.0,5.0
2975,,,,1.0,20.0
2976,,,,1.0,68.0
2977,,,,1.0,57.0
2978,,,,2.0,2.0
2979,,,,3.0,101.0
2980,,,,1.0,6.0
2981,,,,2.0,1.0
2982,,,,1.0,4.0
2983,,,,257.0,84.0
2984,,,,7.0,2.0
2985,,,,1.0,11.0
2986,,,,5.0,2.0
2987,,,,10.0,3.0
2988,,,,1.0,1.0
2989,,,,1.0,2.0
2990,,,,1.0,5.0
2991,,,,1.0,1.0
2992,,,,2.0,10.0
2993,,,,2.0,6.0
2994,,,,14.0,120.0
2995,,,,1.0,8.0
2996,,,,1.0,1.0
2997,,,,2.0,74.0
2998,,,,1.0,9.0
2999,,,,29.0,4.0
3000,,,,2.0,3.0
3001,,,,95.0,7.0
3002,,,,1.0,18.0
3003,,,,1.0,3.0
3004,,,,2.0,2.0
3005,,,,2.0,2.0
3006,,,,3.0,13.0
3007,,,,1.0,37.0
3008,,,,3.0,61.0
3009,,,,6.0,42.0
3010,,,,3.0,6.0
3011,,,,1.0,15.0
3012,,,,1.0,10.0
3013,,,,32.0,2.0
3014,,,,1.0,1.0
3015,,,,35.0,11.0
3016,,,,1.0,1.0
3017,,,,3.0,155.0
3018,,,,3.0,112.0
3019,,,,1.0,18.0
3020,,,,1.0,136.0
3021,,,,1.0,19.0
3022,,,,44.0,23.0
3023,,,,4.0,11.0
3024,,,,1.0,2.0
3025,,,,1.0,1.0
3026,,,,3.0,1.0
3027,,,,6.0,25.0
3028,,,,10.0,90.0
3029,,,,12.0,1.0
3030,,,,29.0,22.0
3031,,,,3.0,3.0
3032,,,,1.0,28.0
3033,,,,1.0,2.0
3034,,,,1.0,77.0
3035,,,,56.0,22.0
3036,,,,1.0,40.0
3037,,,,1.0,1.0
3038,,,,2.0,6.0
3039,,,,1.0,12.0
3040,,,,1.0,25.0
3041,,,,1.0,1.0
3042,,,,18.0,3.0
3043,,,,1.0,2.0
3044,,,,1.0,2.0
3045,,,,2.0,11.0
3046,,,,2.0,3.0
3047,,,,1.0,2.0
3048,,,,1.0,47.0
3049,,,,2.0,3.0
3050,,,,2.0,2.0
3051,,,,1.0,1.0
3052,,,,1.0,3.0
3053,,,,2.0,8.0
3054,,,,5.0,1.0
3055,,,,4.0,3.0
3056,,,,11.0,1.0
3057,,,,55.0,14.0
3058,,,,3.0,1.0
3059,,,,1.0,19.0
3060,,,,2.0,19.0
3061,,,,2.0,1.0
3062,,,,2.0,1.0
3063,,,,25.0,23.0
3064,,,,12.0,2.0
3065,,,,36.0,4.0
3066,,,,1.0,2.0
3067,,,,1.0,4.0
3068,,,,1.0,1.0
3069,,,,6.0,5.0
3070,,,,2.0,1.0
3071,,,,5.0,1.0
3072,,,,2.0,1.0
3073,,,,1.0,1.0
3074,,,,1.0,1.0
3075,,,,1.0,48.0
3076,,,,1.0,1.0
3077,,,,1.0,3.0
3078,,,,1.0,10.0
3079,,,,2.0,1.0
3080,,,,1.0,21.0
3081,,,,3.0,1.0
3082,,,,1.0,2.0
3083,,,,1.0,1.0
3084,,,,1.0,2.0
3085,,,,1.0,1.0
3086,,,,1.0,2.0
3087,,,,1.0,2.0
3088,,,,4.0,1.0
3089,,,,3.0,2.0
3090,,,,11.0,3.0
3091,,,,6.0,5.0
3092,,,,1.0,6.0
3093,,,,1.0,2.0
3094,,,,1.0,4.0
3095,,,,1.0,4.0
3096,,,,2.0,2.0
3097,,,,59.0,1.0
3098,,,,1.0,1.0
3099,,,,1.0,6.0
3100,,,,8.0,6.0
3101,,,,1.0,2.0
3102,,,,4.0,11.0
3103,,,,1.0,2.0
3104,,,,43.0,12.0
3105,,,,2.0,10.0
3106,,,,1.0,10.0
3107,,,,3.0,2.0
3108,,,,13.0,1.0
3109,,,,2.0,1.0
3110,,,,1.0,221.0
3111,,,,1.0,35.0
3112,,,,5.0,3.0
3113,,,,1.0,1.0
3114,,,,3.0,3.0
3115,,,,1.0,6.0
3116,,,,2.0,3.0
3117,,,,1.0,1.0
3118,,,,1.0,2.0
3119,,,,2.0,2.0
3120,,,,1.0,3.0
3121,,,,6.0,1.0
3122,,,,1.0,2.0
3123,,,,1.0,22.0
3124,,,,1.0,11.0
3125,,,,1.0,1.0
3126,,,,2.0,1.0
3127,,,,1.0,5.0
3128,,,,2.0,1.0
3129,,,,2.0,2.0
3130,,,,2.0,3.0
3131,,,,1.0,39.0
3132,,,,1.0,43.0
3133,,,,1.0,1.0
3134,,,,2.0,7.0
3135,,,,1.0,10.0
3136,,,,1.0,1.0
3137,,,,4.0,1.0
3138,,,,1.0,1.0
3139,,,,11.0,2.0
3140,,,,2.0,4.0
3141,,,,3.0,49.0
3142,,,,1.0,4.0
3143,,,,1.0,27.0
3144,,,,1.0,3.0
3145,,,,14.0,10.0
3146,,,,2.0,81.0
3147,,,,1.0,28.0
3148,,,,1.0,4.0
3149,,,,44.0,1.0
3150,,,,3.0,1.0
3151,,,,2.0,1.0
3152,,,,1.0,5.0
3153,,,,1.0,1.0
3154,,,,1.0,52.0
3155,,,,2.0,3.0
3156,,,,1.0,8.0
3157,,,,1.0,51.0
3158,,,,12.0,25.0
3159,,,,5.0,1.0
3160,,,,2.0,41.0
3161,,,,1.0,4.0
3162,,,,2.0,2.0
3163,,,,1.0,2.0
3164,,,,4.0,8.0
3165,,,,10.0,2.0
3166,,,,3.0,2.0
3167,,,,2.0,8.0
3168,,,,1.0,60.0
3169,,,,4.0,9.0
3170,,,,1.0,3.0
3171,,,,1.0,1.0
3172,,,,1.0,1.0
3173,,,,1.0,8.0
3174,,,,2.0,5.0
3175,,,,1.0,10.0
3176,,,,2.0,2.0
3177,,,,1.0,47.0
3178,,,,4.0,10.0
3179,,,,1.0,3.0
3180,,,,1.0,43.0
3181,,,,1.0,2.0
3182,,,,3.0,3.0
3183,,,,2.0,1.0
3184,,,,4.0,16.0
3185,,,,3.0,11.0
3186,,,,8.0,3.0
3187,,,,5.0,5.0
3188,,,,1.0,1.0
3189,,,,1.0,9.0
3190,,,,7.0,10.0
3191,,,,2.0,5.0
3192,,,,3.0,49.0
3193,,,,1.0,1.0
3194,,,,1.0,2.0
3195,,,,1.0,2.0
3196,,,,4.0,1.0
3197,,,,11.0,45.0
3198,,,,3.0,10.0
3199,,,,11.0,1.0
3200,,,,3.0,1.0
3201,,,,1.0,1.0
3202,,,,2.0,2.0
3203,,,,1.0,13.0
3204,,,,1.0,1.0
3205,,,,2.0,1.0
3206,,,,2.0,6.0
3207,,,,1.0,10.0
3208,,,,1.0,32.0
3209,,,,5.0,3.0
3210,,,,6.0,2.0
3211,,,,1.0,4.0
3212,,,,4.0,13.0
3213,,,,1.0,1.0
3214,,,,2.0,1.0
3215,,,,3.0,2.0
3216,,,,1.0,10.0
3217,,,,1.0,2.0
3218,,,,3.0,3.0
3219,,,,2.0,11.0
3220,,,,1.0,4.0
3221,,,,26.0,1.0
3222,,,,2.0,4.0
3223,,,,1.0,1.0
3224,,,,3.0,1.0
3225,,,,1.0,1.0
3226,,,,1.0,43.0
3227,,,,1.0,2.0
3228,,,,1.0,18.0
3229,,,,1.0,36.0
3230,,,,4.0,1.0
3231,,,,1.0,93.0
3232,,,,1.0,1359.0
3233,,,,18.0,168.0
3234,,,,1.0,2.0
3235,,,,8.0,201.0
3236,,,,2.0,11.0
3237,,,,2.0,3.0
3238,,,,1.0,1.0
3239,,,,2.0,34.0
3240,,,,5.0,47.0
3241,,,,2.0,1550.0
3242,,,,14.0,27.0
3243,,,,18.0,65.0
3244,,,,1.0,2.0
3245,,,,2.0,1.0
3246,,,,2.0,193.0
3247,,,,2.0,1.0
3248,,,,1.0,69.0
3249,,,,8.0,21.0
3250,,,,1.0,2.0
3251,,,,1.0,1.0
3252,,,,1.0,47.0
3253,,,,1.0,1.0
3254,,,,1.0,2.0
3255,,,,2.0,7.0
3256,,,,1.0,2.0
3257,,,,1.0,13.0
3258,,,,8.0,1.0
3259,,,,7.0,11.0
3260,,,,1.0,2.0
3261,,,,6.0,5.0
3262,,,,1.0,17.0
3263,,,,1.0,2.0
3264,,,,2.0,1.0
3265,,,,46.0,2.0
3266,,,,1.0,32.0
3267,,,,2.0,1.0
3268,,,,2.0,6.0
3269,,,,7.0,44.0
3270,,,,2.0,1.0
3271,,,,1.0,38.0
3272,,,,1.0,3.0
3273,,,,1.0,1.0
3274,,,,5.0,14.0
3275,,,,2.0,2.0
3276,,,,2.0,6.0
3277,,,,2.0,1.0
3278,,,,1.0,1.0
3279,,,,9.0,29.0
3280,,,,8.0,3.0
3281,,,,1.0,18.0
3282,,,,1.0,1.0
3283,,,,1.0,9.0
3284,,,,33.0,3.0
3285,,,,1.0,4.0
3286,,,,1.0,30.0
3287,,,,3.0,1.0
3288,,,,10.0,14.0
3289,,,,1.0,2.0
3290,,,,2.0,2.0
3291,,,,2.0,22.0
3292,,,,1.0,4.0
3293,,,,1.0,3.0
3294,,,,4.0,1.0
3295,,,,1.0,2.0
3296,,,,3.0,1.0
3297,,,,1.0,1.0
3298,,,,17.0,1.0
3299,,,,1.0,2.0
3300,,,,1.0,1.0
3301,,,,5.0,2.0
3302,,,,1.0,2.0
3303,,,,3.0,2.0
3304,,,,1.0,2.0
3305,,,,58.0,111.0
3306,,,,3.0,1.0
3307,,,,1.0,2.0
3308,,,,5.0,1.0
3309,,,,6.0,7.0
3310,,,,2.0,91.0
3311,,,,3.0,8.0
3312,,,,2.0,4.0
3313,,,,2.0,1.0
3314,,,,17.0,31.0
3315,,,,2.0,34.0
3316,,,,1.0,48.0
3317,,,,1.0,1.0
3318,,,,2.0,3.0
3319,,,,121.0,2.0
3320,,,,1.0,22.0
3321,,,,1.0,9.0
3322,,,,1.0,29.0
3323,,,,1.0,4.0
3324,,,,1.0,1.0
3325,,,,2.0,21.0
3326,,,,2.0,4.0
3327,,,,1.0,9.0
3328,,,,9.0,8.0
3329,,,,2.0,22.0
3330,,,,1.0,22.0
3331,,,,2.0,2.0
3332,,,,1.0,5.0
3333,,,,1.0,2.0
3334,,,,1.0,91.0
3335,,,,38.0,19.0
3336,,,,44.0,34.0
3337,,,,1.0,1.0
3338,,,,1.0,23.0
3339,,,,1.0,7.0
3340,,,,47.0,2.0
3341,,,,1.0,1.0
3342,,,,2.0,6.0
3343,,,,1.0,7.0
3344,,,,1.0,2.0
3345,,,,4.0,7.0
3346,,,,1.0,3.0
3347,,,,1.0,1.0
3348,,,,1.0,2.0
3349,,,,2.0,5.0
3350,,,,1.0,18.0
3351,,,,1.0,8.0
3352,,,,1.0,1.0
3353,,,,1.0,1.0
3354,,,,7.0,7.0
3355,,,,9.0,2.0
3356,,,,4.0,8.0
3357,,,,19.0,11.0
3358,,,,2.0,3.0
3359,,,,1.0,2.0
3360,,,,60.0,1.0
3361,,,,19.0,8.0
3362,,,,55.0,11.0
3363,,,,4.0,2.0
3364,,,,105.0,10.0
3365,,,,1.0,15.0
3366,,,,1.0,38.0
3367,,,,2.0,1.0
3368,,,,1.0,1.0
3369,,,,11.0,3.0
3370,,,,2.0,27.0
3371,,,,1.0,3.0
3372,,,,14.0,1.0
3373,,,,8.0,1.0
3374,,,,1.0,1.0
3375,,,,15.0,142.0
3376,,,,2.0,1.0
3377,,,,2.0,4.0
3378,,,,1.0,2.0
3379,,,,4.0,2.0
3380,,,,48.0,1.0
3381,,,,1.0,13.0
3382,,,,132.0,2.0
3383,,,,4.0,1.0
3384,,,,19.0,14.0
3385,,,,27.0,3.0
3386,,,,3.0,3.0
3387,,,,1.0,15.0
3388,,,,1.0,17.0
3389,,,,2.0,2.0
3390,,,,3.0,1.0
3391,,,,1.0,1.0
3392,,,,1.0,17.0
3393,,,,2.0,1.0
3394,,,,2.0,2.0
3395,,,,6.0,1.0
3396,,,,2.0,4.0
3397,,,,1.0,1.0
3398,,,,1.0,5.0
3399,,,,1.0,3.0
3400,,,,1.0,82.0
3401,,,,1.0,3.0
3402,,,,2.0,2.0
3403,,,,2.0,2.0
3404,,,,2.0,1.0
3405,,,,1.0,13.0
3406,,,,5.0,10.0
3407,,,,2.0,1.0
3408,,,,1.0,1.0
3409,,,,9.0,34.0
3410,,,,2.0,10.0
3411,,,,3.0,32.0
3412,,,,1.0,43.0
3413,,,,1.0,13.0
3414,,,,1.0,2.0
3415,,,,1.0,47.0
3416,,,,1.0,7.0
3417,,,,5.0,1.0
3418,,,,1.0,29.0
3419,,,,1.0,4.0
3420,,,,2.0,68.0
3421,,,,2.0,106.0
3422,,,,14.0,1.0
3423,,,,2.0,26.0
3424,,,,44.0,1.0
3425,,,,2.0,1.0
3426,,,,1.0,60.0
3427,,,,9.0,54.0
3428,,,,49.0,10.0
3429,,,,1.0,1.0
3430,,,,1.0,1.0
3431,,,,1.0,1.0
3432,,,,2.0,3.0
3433,,,,1.0,1.0
3434,,,,1.0,2.0
3435,,,,1.0,1.0
3436,,,,1.0,57.0
3437,,,,1.0,9.0
3438,,,,5.0,2.0
3439,,,,1.0,2.0
3440,,,,3.0,9.0
3441,,,,2.0,1.0
3442,,,,1.0,40.0
3443,,,,2.0,2.0
3444,,,,1.0,1.0
3445,,,,2.0,1.0
3446,,,,1.0,31.0
3447,,,,1.0,8.0
3448,,,,7.0,3.0
3449,,,,8.0,2.0
3450,,,,1.0,2.0
3451,,,,1.0,7.0
3452,,,,1.0,2.0
3453,,,,1.0,2.0
3454,,,,4.0,2.0
3455,,,,7.0,4.0
3456,,,,5.0,4.0
3457,,,,1.0,1.0
3458,,,,24.0,2.0
3459,,,,1.0,31.0
3460,,,,1.0,17.0
3461,,,,1.0,4.0
3462,,,,2.0,1.0
3463,,,,1.0,2.0
3464,,,,17.0,3.0
3465,,,,4.0,3.0
3466,,,,1.0,1.0
3467,,,,2.0,9.0
3468,,,,8.0,3.0
3469,,,,1.0,4.0
3470,,,,1.0,1.0
3471,,,,1.0,111.0
3472,,,,1.0,4.0
3473,,,,1.0,4.0
3474,,,,5.0,7.0
3475,,,,26.0,1.0
3476,,,,3.0,3.0
3477,,,,1.0,8.0
3478,,,,8.0,1.0
3479,,,,1.0,2.0
3480,,,,104.0,9.0
3481,,,,5.0,3.0
3482,,,,4.0,11.0
3483,,,,1.0,19.0
3484,,,,1.0,70.0
3485,,,,34.0,1.0
3486,,,,2.0,67.0
3487,,,,32.0,50.0
3488,,,,1.0,6.0
3489,,,,1.0,2.0
3490,,,,1.0,1.0
3491,,,,15.0,1.0
3492,,,,1.0,1.0
3493,,,,60.0,3.0
3494,,,,1.0,1.0
3495,,,,1.0,5.0
3496,,,,1.0,8.0
3497,,,,3.0,3.0
3498,,,,1.0,6.0
3499,,,,4.0,2.0
3500,,,,5.0,2.0
3501,,,,11.0,27.0
3502,,,,1.0,28.0
3503,,,,2.0,23.0
3504,,,,1.0,1.0
3505,,,,1.0,1.0
3506,,,,1.0,7.0
3507,,,,1.0,23.0
3508,,,,1.0,16.0
3509,,,,1.0,53.0
3510,,,,1.0,1.0
3511,,,,1.0,1.0
3512,,,,1.0,1.0
3513,,,,1.0,9.0
3514,,,,2.0,1.0
3515,,,,6.0,3.0
3516,,,,1.0,57.0
3517,,,,3.0,1.0
3518,,,,1.0,1.0
3519,,,,1.0,1.0
3520,,,,26.0,10.0
3521,,,,164.0,9.0
3522,,,,39.0,4.0
3523,,,,1.0,37.0
3524,,,,16.0,1.0
3525,,,,3.0,5.0
3526,,,,19.0,5.0
3527,,,,2.0,2.0
3528,,,,1.0,2.0
3529,,,,3.0,8.0
3530,,,,4.0,31.0
3531,,,,1.0,1.0
3532,,,,3.0,10.0
3533,,,,1.0,50.0
3534,,,,2.0,2.0
3535,,,,2.0,1.0
3536,,,,1.0,3.0
3537,,,,1.0,4.0
3538,,,,3.0,4.0
3539,,,,11.0,42.0
3540,,,,1.0,8.0
3541,,,,22.0,34.0
3542,,,,1.0,12.0
3543,,,,4.0,1.0
3544,,,,2.0,87.0
3545,,,,57.0,1.0
3546,,,,2.0,8.0
3547,,,,1.0,16.0
3548,,,,50.0,17.0
3549,,,,2.0,12.0
3550,,,,2.0,2.0
3551,,,,13.0,15.0
3552,,,,1.0,1.0
3553,,,,1.0,1.0
3554,,,,5.0,24.0
3555,,,,1.0,4.0
3556,,,,1.0,2.0
3557,,,,2.0,6.0
3558,,,,1.0,3.0
3559,,,,1.0,1.0
3560,,,,1.0,74.0
3561,,,,1.0,3.0
3562,,,,1.0,3.0
3563,,,,3.0,1.0
3564,,,,6.0,5.0
3565,,,,1.0,72.0
3566,,,,2.0,19.0
3567,,,,1.0,14.0
3568,,,,1.0,1.0
3569,,,,1.0,4.0
3570,,,,5.0,1.0
3571,,,,2.0,3.0
3572,,,,1.0,5.0
3573,,,,6.0,1.0
3574,,,,2.0,2.0
3575,,,,1.0,5.0
3576,,,,10.0,1.0
3577,,,,3.0,5.0
3578,,,,1.0,3.0
3579,,,,12.0,3.0
3580,,,,2.0,14.0
3581,,,,1.0,6.0
3582,,,,1.0,7.0
3583,,,,1.0,47.0
3584,,,,2.0,62.0
3585,,,,1.0,2.0
3586,,,,1.0,50.0
3587,,,,5.0,53.0
3588,,,,1.0,2.0
3589,,,,3.0,3.0
3590,,,,1.0,3.0
3591,,,,26.0,7.0
3592,,,,2.0,3.0
3593,,,,1.0,2.0
3594,,,,2.0,10.0
3595,,,,1.0,4.0
3596,,,,6.0,1.0
3597,,,,3.0,72.0
3598,,,,1.0,1.0
3599,,,,1.0,2.0
3600,,,,1.0,1.0
3601,,,,3.0,1.0
3602,,,,1.0,3.0
3603,,,,1.0,1.0
3604,,,,1.0,18.0
3605,,,,1.0,1.0
3606,,,,1.0,1.0
3607,,,,1.0,1.0
3608,,,,1.0,20.0
3609,,,,2.0,1.0
3610,,,,1.0,1.0
3611,,,,2.0,9.0
3612,,,,30.0,10.0
3613,,,,5.0,27.0
3614,,,,3.0,15.0
3615,,,,1.0,1.0
3616,,,,1.0,2.0
3617,,,,1.0,2.0
3618,,,,1.0,6.0
3619,,,,2.0,3.0
3620,,,,1.0,3.0
3621,,,,1.0,5.0
3622,,,,1.0,1.0
3623,,,,8.0,14.0
3624,,,,1.0,3.0
3625,,,,1.0,1.0
3626,,,,1.0,1.0
3627,,,,9.0,1.0
3628,,,,1.0,5.0
3629,,,,2.0,9.0
3630,,,,1.0,31.0
3631,,,,1.0,1.0
3632,,,,2.0,24.0
3633,,,,1.0,1.0
3634,,,,1.0,1.0
3635,,,,2.0,1.0
3636,,,,1.0,6.0
3637,,,,1.0,2.0
3638,,,,1.0,7.0
3639,,,,45.0,1.0
3640,,,,3.0,4.0
3641,,,,29.0,27.0
3642,,,,2.0,1.0
3643,,,,1.0,1.0
3644,,,,1.0,1.0
3645,,,,31.0,3.0
3646,,,,1.0,1.0
3647,,,,1.0,1.0
3648,,,,1.0,15.0
3649,,,,5.0,1.0
3650,,,,1.0,2.0
3651,,,,1.0,1.0
3652,,,,1.0,24.0
3653,,,,1.0,1.0
3654,,,,1.0,13.0
3655,,,,1.0,1.0
3656,,,,1.0,14.0
3657,,,,13.0,4.0
3658,,,,1.0,1.0
3659,,,,1.0,6.0
3660,,,,1.0,6.0
3661,,,,1.0,1.0
3662,,,,1.0,2.0
3663,,,,1.0,28.0
3664,,,,1.0,83.0
3665,,,,1.0,150.0
3666,,,,3.0,13.0
3667,,,,3.0,2.0
3668,,,,26.0,27.0
3669,,,,1.0,10.0
3670,,,,1.0,17.0
3671,,,,2.0,2.0
3672,,,,1.0,1.0
3673,,,,1.0,1.0
3674,,,,1.0,243.0
3675,,,,26.0,109.0
3676,,,,1.0,2.0
3677,,,,5.0,1.0
3678,,,,1.0,2.0
3679,,,,1.0,2.0
3680,,,,1.0,4.0
3681,,,,2.0,57.0
3682,,,,12.0,1.0
3683,,,,4.0,14.0
3684,,,,,2.0
3685,,,,,1.0
3686,,,,,42.0
3687,,,,,1.0
3688,,,,,11.0
3689,,,,,55.0
3690,,,,,3.0
3691,,,,,35.0
3692,,,,,42.0
3693,,,,,1.0
3694,,,,,1.0
3695,,,,,1.0
3696,,,,,1.0
3697,,,,,53.0
3698,,,,,1.0
3699,,,,,1.0
3700,,,,,2.0
3701,,,,,4.0
3702,,,,,2.0
3703,,,,,11.0
3704,,,,,1.0
3705,,,,,5.0
3706,,,,,1.0
3707,,,,,1.0
3708,,,,,1.0
3709,,,,,6.0
3710,,,,,1.0
3711,,,,,2.0
3712,,,,,1.0
3713,,,,,1.0
3714,,,,,1.0
3715,,,,,1.0
3716,,,,,1.0
3717,,,,,7.0
3718,,,,,5.0
3719,,,,,1.0
3720,,,,,3.0
3721,,,,,3.0
3722,,,,,6.0
3723,,,,,7.0
3724,,,,,2.0
3725,,,,,1.0
3726,,,,,1.0
3727,,,,,1.0
3728,,,,,3.0
3729,,,,,8.0
3730,,,,,1.0
3731,,,,,1.0
3732,,,,,3.0
3733,,,,,1.0
3734,,,,,3.0
3735,,,,,1.0
3736,,,,,1.0
3737,,,,,1.0
3738,,,,,397.0
3739,,,,,1.0
3740,,,,,20.0
3741,,,,,2.0
3742,,,,,5.0
3743,,,,,31.0
3744,,,,,57.0
3745,,,,,15.0
3746,,,,,1.0
3747,,,,,1.0
3748,,,,,1.0
3749,,,,,1.0
3750,,,,,1.0
3751,,,,,6.0
3752,,,,,2.0
3753,,,,,71.0
3754,,,,,4.0
3755,,,,,6.0
3756,,,,,101.0
3757,,,,,1.0
3758,,,,,1.0
3759,,,,,1.0
3760,,,,,1.0
3761,,,,,16.0
3762,,,,,1.0
3763,,,,,3.0
3764,,,,,1.0
3765,,,,,1.0
3766,,,,,6.0
3767,,,,,1.0
3768,,,,,1.0
3769,,,,,1.0
3770,,,,,4.0
3771,,,,,2.0
3772,,,,,1.0
3773,,,,,1.0
3774,,,,,1.0
3775,,,,,7.0
3776,,,,,8.0
3777,,,,,1.0
3778,,,,,1.0
3779,,,,,1.0
3780,,,,,1.0
3781,,,,,1.0
3782,,,,,1.0
3783,,,,,2.0
3784,,,,,1.0
3785,,,,,1.0
3786,,,,,1.0
3787,,,,,1.0
3788,,,,,1.0
3789,,,,,23.0
3790,,,,,1.0
3791,,,,,1.0
3792,,,,,1.0
3793,,,,,7.0
3794,,,,,14.0
3795,,,,,1.0
3796,,,,,1.0
3797,,,,,101.0
3798,,,,,2.0
3799,,,,,1.0
3800,,,,,1.0
3801,,,,,2.0
3802,,,,,1.0
3803,,,,,1.0
3804,,,,,1.0
3805,,,,,1.0
3806,,,,,1.0
3807,,,,,98.0
3808,,,,,1.0
3809,,,,,1.0
3810,,,,,1.0
3811,,,,,1.0
3812,,,,,1.0
3813,,,,,1.0
3814,,,,,1.0
3815,,,,,1.0
3816,,,,,1.0
3817,,,,,4.0
3818,,,,,2.0
3819,,,,,8.0
3820,,,,,1.0
3821,,,,,1.0
3822,,,,,4.0
3823,,,,,1.0
3824,,,,,1.0
3825,,,,,38.0
3826,,,,,1.0
3827,,,,,1.0
3828,,,,,1.0
3829,,,,,1.0
3830,,,,,1.0
3831,,,,,1.0
3832,,,,,2.0
3833,,,,,1.0
3834,,,,,1.0
3835,,,,,1.0
3836,,,,,1.0
3837,,,,,1.0
3838,,,,,5.0
3839,,,,,3.0
3840,,,,,2.0
3841,,,,,1.0
3842,,,,,22.0
3843,,,,,29.0
3844,,,,,1.0
3845,,,,,1.0
3846,,,,,1.0
3847,,,,,1.0
3848,,,,,1.0
3849,,,,,1.0
3850,,,,,8.0
3851,,,,,1.0
3852,,,,,51.0
3853,,,,,1.0
3854,,,,,2.0
3855,,,,,1.0
3856,,,,,1.0
3857,,,,,98.0
3858,,,,,28.0
3859,,,,,23.0
3860,,,,,19.0
3861,,,,,3.0
3862,,,,,1.0
3863,,,,,1.0
3864,,,,,3.0
3865,,,,,12.0
3866,,,,,19.0
3867,,,,,66.0
3868,,,,,1.0
3869,,,,,1.0
3870,,,,,16.0
3871,,,,,108.0
3872,,,,,5.0
3873,,,,,1.0
3874,,,,,1.0
3875,,,,,17.0
3876,,,,,12.0
3877,,,,,142.0
3878,,,,,1.0
3879,,,,,1.0
3880,,,,,1.0
3881,,,,,1.0
3882,,,,,2.0
3883,,,,,1.0
3884,,,,,170.0
3885,,,,,8.0
3886,,,,,2.0
3887,,,,,3.0
3888,,,,,18.0
3889,,,,,20.0
3890,,,,,2.0
3891,,,,,1.0
3892,,,,,1.0
3893,,,,,15.0
3894,,,,,2.0
3895,,,,,52.0
3896,,,,,4.0
3897,,,,,10.0
3898,,,,,1.0
3899,,,,,5.0
3900,,,,,17.0
3901,,,,,39.0
3902,,,,,1.0
3903,,,,,5.0
3904,,,,,22.0
3905,,,,,1.0
3906,,,,,3.0
3907,,,,,56.0
3908,,,,,1.0
3909,,,,,7.0
3910,,,,,3.0
3911,,,,,1.0
3912,,,,,74.0
3913,,,,,2.0
3914,,,,,79.0
3915,,,,,6.0
3916,,,,,26.0
3917,,,,,1.0
3918,,,,,1.0
3919,,,,,1.0
3920,,,,,19.0
3921,,,,,1.0
3922,,,,,2.0
3923,,,,,2.0
3924,,,,,13.0
3925,,,,,2.0
3926,,,,,5.0
3927,,,,,5.0
3928,,,,,44.0
3929,,,,,1.0
3930,,,,,1.0
3931,,,,,1.0
3932,,,,,113.0
3933,,,,,6.0
3934,,,,,1.0
3935,,,,,3.0
3936,,,,,4.0
3937,,,,,16.0
3938,,,,,3.0
3939,,,,,1.0
3940,,,,,2.0
3941,,,,,4.0
3942,,,,,1.0
3943,,,,,2.0
3944,,,,,10.0
3945,,,,,7.0
3946,,,,,1.0
3947,,,,,1.0
3948,,,,,4.0
3949,,,,,1.0
3950,,,,,1.0
3951,,,,,53.0
3952,,,,,1.0
3953,,,,,2.0
3954,,,,,3.0
3955,,,,,8.0
3956,,,,,2.0
3957,,,,,30.0
3958,,,,,39.0
3959,,,,,2.0
3960,,,,,16.0
3961,,,,,1.0
3962,,,,,2.0
3963,,,,,6.0
3964,,,,,1.0
3965,,,,,2.0
3966,,,,,1.0
3967,,,,,1.0
3968,,,,,1.0
3969,,,,,2.0
3970,,,,,16.0
3971,,,,,1.0
3972,,,,,3.0
3973,,,,,1.0
3974,,,,,3.0
3975,,,,,1.0
3976,,,,,3.0
3977,,,,,1.0
3978,,,,,11.0
3979,,,,,1.0
3980,,,,,2.0
3981,,,,,2.0
3982,,,,,2.0
3983,,,,,1.0
3984,,,,,2.0
3985,,,,,1.0
3986,,,,,7.0
3987,,,,,4.0
3988,,,,,1.0
3989,,,,,2.0
3990,,,,,1.0
3991,,,,,3.0
3992,,,,,1.0
3993,,,,,1.0
3994,,,,,1.0
3995,,,,,2.0
3996,,,,,1.0
3997,,,,,8.0
3998,,,,,2.0
3999,,,,,5.0
4000,,,,,3.0
4001,,,,,1.0
4002,,,,,2.0
4003,,,,,2.0
4004,,,,,6.0
4005,,,,,1.0
4006,,,,,2.0
4007,,,,,1.0
4008,,,,,1.0
4009,,,,,13.0
4010,,,,,5.0
4011,,,,,24.0
4012,,,,,26.0
4013,,,,,29.0
4014,,,,,35.0
4015,,,,,1.0
4016,,,,,16.0
4017,,,,,23.0
4018,,,,,1.0
4019,,,,,6.0
4020,,,,,1.0
4021,,,,,10.0
4022,,,,,12.0
4023,,,,,4.0
4024,,,,,23.0
4025,,,,,1.0
4026,,,,,2.0
4027,,,,,1.0
4028,,,,,1.0
4029,,,,,14.0
4030,,,,,3.0
4031,,,,,14.0
4032,,,,,1.0
4033,,,,,2.0
4034,,,,,10.0
4035,,,,,6.0
4036,,,,,2.0
4037,,,,,1.0
4038,,,,,6.0
4039,,,,,30.0
4040,,,,,2.0
4041,,,,,19.0
4042,,,,,3.0
4043,,,,,6.0
4044,,,,,3.0
4045,,,,,2.0
4046,,,,,2.0
4047,,,,,1.0
4048,,,,,2.0
4049,,,,,3.0
4050,,,,,3.0
4051,,,,,1.0
4052,,,,,1.0
4053,,,,,1.0
4054,,,,,2.0
4055,,,,,1.0
4056,,,,,6.0
4057,,,,,16.0
4058,,,,,61.0
4059,,,,,1.0
4060,,,,,170.0
4061,,,,,25.0
4062,,,,,2.0
4063,,,,,1.0
4064,,,,,5.0
4065,,,,,1.0
4066,,,,,9.0
4067,,,,,3.0
4068,,,,,63.0
4069,,,,,110.0
4070,,,,,4.0
4071,,,,,81.0
4072,,,,,15.0
4073,,,,,1.0
4074,,,,,63.0
4075,,,,,4.0
4076,,,,,6.0
4077,,,,,2.0
4078,,,,,8.0
4079,,,,,2.0
4080,,,,,3.0
4081,,,,,3.0
4082,,,,,30.0
4083,,,,,1.0
4084,,,,,5.0
4085,,,,,7.0
4086,,,,,1.0
4087,,,,,4.0
4088,,,,,4.0
4089,,,,,1.0
4090,,,,,1.0
4091,,,,,9.0
4092,,,,,19.0
4093,,,,,67.0
4094,,,,,2.0
4095,,,,,78.0
4096,,,,,1.0
4097,,,,,9.0
4098,,,,,1.0
4099,,,,,1.0
4100,,,,,5.0
4101,,,,,1.0
4102,,,,,2.0
4103,,,,,2.0
4104,,,,,3.0
4105,,,,,29.0
4106,,,,,1.0
4107,,,,,3.0
4108,,,,,2.0
4109,,,,,1.0
4110,,,,,2.0
4111,,,,,4.0
4112,,,,,3.0
4113,,,,,1.0
4114,,,,,81.0
4115,,,,,1.0
4116,,,,,3.0
4117,,,,,1.0
4118,,,,,20.0
4119,,,,,1.0
4120,,,,,1.0
4121,,,,,3.0
4122,,,,,3.0
4123,,,,,1.0
4124,,,,,8.0
4125,,,,,1.0
4126,,,,,13.0
4127,,,,,4.0
4128,,,,,59.0
4129,,,,,3.0
4130,,,,,2.0
4131,,,,,4.0
4132,,,,,1.0
4133,,,,,1.0
4134,,,,,39.0
4135,,,,,8.0
4136,,,,,12.0
4137,,,,,3.0
4138,,,,,1.0
4139,,,,,4.0
4140,,,,,12.0
4141,,,,,46.0
4142,,,,,2.0
4143,,,,,4.0
4144,,,,,2.0
4145,,,,,17.0
4146,,,,,1.0
4147,,,,,1.0
4148,,,,,3.0
4149,,,,,1.0
4150,,,,,1.0
4151,,,,,1.0
4152,,,,,122.0
4153,,,,,16.0
4154,,,,,23.0
4155,,,,,8.0
4156,,,,,1.0
4157,,,,,4.0
4158,,,,,3.0
4159,,,,,3.0
4160,,,,,5.0
4161,,,,,1.0
4162,,,,,122.0
4163,,,,,7.0
4164,,,,,2.0
4165,,,,,45.0
4166,,,,,186.0
4167,,,,,3.0
4168,,,,,103.0
4169,,,,,3.0
4170,,,,,4.0
4171,,,,,6.0
4172,,,,,57.0
4173,,,,,6.0
4174,,,,,201.0
4175,,,,,3.0
4176,,,,,1.0
4177,,,,,72.0
4178,,,,,1.0
4179,,,,,2.0
4180,,,,,3.0
4181,,,,,4.0
4182,,,,,19.0
4183,,,,,3.0
4184,,,,,7.0
4185,,,,,4.0
4186,,,,,1.0
4187,,,,,47.0
4188,,,,,4.0
4189,,,,,16.0
4190,,,,,5.0
4191,,,,,1.0
4192,,,,,5.0
4193,,,,,3.0
4194,,,,,1.0
4195,,,,,28.0
4196,,,,,1.0
4197,,,,,2.0
4198,,,,,1.0
4199,,,,,10.0
4200,,,,,10.0
4201,,,,,6.0
4202,,,,,1.0
4203,,,,,1.0
4204,,,,,4.0
4205,,,,,2.0
4206,,,,,42.0
4207,,,,,15.0
4208,,,,,2.0
4209,,,,,6.0
4210,,,,,6.0
4211,,,,,1.0
4212,,,,,13.0
4213,,,,,2.0
4214,,,,,94.0
4215,,,,,4.0
4216,,,,,92.0
4217,,,,,101.0
4218,,,,,59.0
4219,,,,,25.0
4220,,,,,80.0
4221,,,,,44.0
4222,,,,,2.0
4223,,,,,11.0
4224,,,,,51.0
4225,,,,,69.0
4226,,,,,22.0
4227,,,,,4.0
4228,,,,,1.0
4229,,,,,40.0
4230,,,,,10.0
4231,,,,,13.0
4232,,,,,5.0
4233,,,,,4.0
4234,,,,,3.0
4235,,,,,3.0
4236,,,,,2.0
4237,,,,,1.0
4238,,,,,2.0
4239,,,,,12.0
4240,,,,,2.0
4241,,,,,1.0
4242,,,,,24.0
4243,,,,,2.0
4244,,,,,6.0
4245,,,,,6.0
4246,,,,,2.0
4247,,,,,1.0
4248,,,,,4.0
4249,,,,,5.0
4250,,,,,2.0
4251,,,,,2.0
4252,,,,,47.0
4253,,,,,2.0
4254,,,,,3.0
4255,,,,,53.0
4256,,,,,202.0
4257,,,,,12.0
4258,,,,,3.0
4259,,,,,12.0
4260,,,,,115.0
4261,,,,,5.0
4262,,,,,85.0
4263,,,,,1.0
4264,,,,,30.0
4265,,,,,5.0
4266,,,,,12.0
4267,,,,,2.0
4268,,,,,3.0
4269,,,,,9.0
4270,,,,,18.0
4271,,,,,2.0
4272,,,,,24.0
4273,,,,,19.0
4274,,,,,13.0
4275,,,,,21.0
4276,,,,,3.0
4277,,,,,3.0
4278,,,,,9.0
4279,,,,,15.0
4280,,,,,49.0
4281,,,,,1.0
4282,,,,,14.0
4283,,,,,2.0
4284,,,,,6.0
4285,,,,,84.0
4286,,,,,42.0
4287,,,,,2.0
4288,,,,,2.0
4289,,,,,3.0
4290,,,,,1.0
4291,,,,,5.0
4292,,,,,7.0
4293,,,,,1.0
4294,,,,,25.0
4295,,,,,32.0
4296,,,,,1.0
4297,,,,,4.0
4298,,,,,83.0
4299,,,,,1.0
4300,,,,,1.0
4301,,,,,1.0
4302,,,,,12.0
4303,,,,,2.0
4304,,,,,1.0
4305,,,,,1.0
4306,,,,,4.0
4307,,,,,5.0
4308,,,,,1.0
4309,,,,,1.0
4310,,,,,2.0
4311,,,,,24.0
4312,,,,,1.0
4313,,,,,22.0
4314,,,,,10.0
4315,,,,,1.0
4316,,,,,1.0
4317,,,,,1.0
4318,,,,,3.0
4319,,,,,110.0
4320,,,,,16.0
4321,,,,,1.0
4322,,,,,1.0
4323,,,,,2.0
4324,,,,,5.0
4325,,,,,2.0
4326,,,,,2.0
4327,,,,,1.0
4328,,,,,6.0
4329,,,,,23.0
4330,,,,,1.0
4331,,,,,3.0
4332,,,,,12.0
4333,,,,,27.0
4334,,,,,2.0
4335,,,,,3.0
4336,,,,,1.0
4337,,,,,7.0
4338,,,,,3.0
4339,,,,,13.0
4340,,,,,32.0
4341,,,,,1.0
4342,,,,,8.0
4343,,,,,2.0
4344,,,,,9.0
4345,,,,,1.0
4346,,,,,1.0
4347,,,,,6.0
4348,,,,,4.0
4349,,,,,1.0
4350,,,,,22.0
4351,,,,,2.0
4352,,,,,2.0
4353,,,,,16.0
4354,,,,,4.0
4355,,,,,8.0
4356,,,,,2.0
4357,,,,,3.0
4358,,,,,4.0
4359,,,,,1.0
4360,,,,,2.0
4361,,,,,1.0
4362,,,,,2.0
4363,,,,,44.0
4364,,,,,31.0
4365,,,,,1.0
4366,,,,,20.0
4367,,,,,2.0
4368,,,,,1.0
4369,,,,,48.0
4370,,,,,5.0
4371,,,,,1.0
4372,,,,,13.0
4373,,,,,2.0
4374,,,,,7.0
4375,,,,,1.0
4376,,,,,1.0
4377,,,,,2.0
4378,,,,,1.0
4379,,,,,4.0
4380,,,,,3.0
4381,,,,,4.0
4382,,,,,4.0
4383,,,,,7.0
4384,,,,,17.0
4385,,,,,1.0
4386,,,,,8.0
4387,,,,,3.0
4388,,,,,2.0
4389,,,,,3.0
4390,,,,,3.0
4391,,,,,15.0
4392,,,,,102.0
4393,,,,,2.0
4394,,,,,4.0
4395,,,,,3.0
4396,,,,,51.0
4397,,,,,2.0
4398,,,,,3.0
4399,,,,,2.0
4400,,,,,67.0
4401,,,,,1.0
4402,,,,,2.0
4403,,,,,1.0
4404,,,,,4.0
4405,,,,,2.0
4406,,,,,46.0
4407,,,,,4.0
4408,,,,,1.0
4409,,,,,1.0
4410,,,,,57.0
4411,,,,,45.0
4412,,,,,3.0
4413,,,,,7.0
4414,,,,,3.0
4415,,,,,2.0
4416,,,,,4.0
4417,,,,,1.0
4418,,,,,3.0
4419,,,,,6.0
4420,,,,,11.0
4421,,,,,1.0
4422,,,,,12.0
4423,,,,,3.0
4424,,,,,2.0
4425,,,,,4.0
4426,,,,,8.0
4427,,,,,1.0
4428,,,,,3.0
4429,,,,,1.0
4430,,,,,13.0
4431,,,,,2.0
4432,,,,,40.0
4433,,,,,2.0
4434,,,,,57.0
4435,,,,,4.0
4436,,,,,1.0
4437,,,,,1.0
4438,,,,,14.0
4439,,,,,7.0
4440,,,,,5.0
4441,,,,,1.0
4442,,,,,1.0
4443,,,,,9.0
4444,,,,,2.0
4445,,,,,5.0
4446,,,,,1.0
4447,,,,,2.0
4448,,,,,32.0
4449,,,,,6.0
4450,,,,,5.0
4451,,,,,9.0
4452,,,,,1.0
4453,,,,,4.0
4454,,,,,2.0
4455,,,,,8.0
4456,,,,,18.0
4457,,,,,3.0
4458,,,,,13.0
4459,,,,,3.0
4460,,,,,65.0
4461,,,,,2.0
4462,,,,,19.0
4463,,,,,1.0
4464,,,,,8.0
4465,,,,,2.0
4466,,,,,3.0
4467,,,,,4.0
4468,,,,,1.0
4469,,,,,2.0
4470,,,,,11.0
4471,,,,,1.0
4472,,,,,1.0
4473,,,,,2.0
4474,,,,,27.0
4475,,,,,1.0
4476,,,,,8.0
4477,,,,,1.0
4478,,,,,195.0
4479,,,,,1.0
4480,,,,,13.0
4481,,,,,1.0
4482,,,,,410.0
4483,,,,,13.0
4484,,,,,5.0
4485,,,,,41.0
4486,,,,,98.0
4487,,,,,1.0
4488,,,,,1.0
4489,,,,,1.0
4490,,,,,27.0
4491,,,,,1.0
4492,,,,,1.0
4493,,,,,15.0
4494,,,,,7.0
4495,,,,,1.0
4496,,,,,468.0
4497,,,,,4.0
4498,,,,,65.0
4499,,,,,22.0
4500,,,,,1.0
4501,,,,,15.0
4502,,,,,20.0
4503,,,,,35.0
4504,,,,,1.0
4505,,,,,208.0
4506,,,,,4.0
4507,,,,,1.0
4508,,,,,1.0
4509,,,,,1.0
4510,,,,,1.0
4511,,,,,1.0
4512,,,,,1.0
4513,,,,,4.0
4514,,,,,1.0
4515,,,,,1.0
4516,,,,,11.0
4517,,,,,3.0
4518,,,,,2.0
4519,,,,,19.0
4520,,,,,1.0
4521,,,,,964.0
4522,,,,,2.0
4523,,,,,1.0
4524,,,,,5.0
4525,,,,,47.0
4526,,,,,6.0
4527,,,,,14.0
4528,,,,,38.0
4529,,,,,5.0
4530,,,,,303.0
4531,,,,,18.0
4532,,,,,21.0
4533,,,,,5.0
4534,,,,,1.0
4535,,,,,1.0
4536,,,,,1.0
4537,,,,,29.0
4538,,,,,1.0
4539,,,,,1.0
4540,,,,,56.0
4541,,,,,1.0
4542,,,,,1.0
4543,,,,,17.0
4544,,,,,1.0
4545,,,,,5.0
4546,,,,,35.0
4547,,,,,1.0
4548,,,,,1.0
4549,,,,,1.0
4550,,,,,1.0
4551,,,,,19.0
4552,,,,,1.0
4553,,,,,2.0
4554,,,,,5.0
4555,,,,,4.0
4556,,,,,62.0
4557,,,,,2.0
4558,,,,,1.0
4559,,,,,2.0
4560,,,,,1.0
4561,,,,,27.0
4562,,,,,4.0
4563,,,,,8.0
4564,,,,,1.0
4565,,,,,24.0
4566,,,,,2.0
4567,,,,,1.0
4568,,,,,3.0
4569,,,,,38.0
4570,,,,,2.0
4571,,,,,13.0
4572,,,,,18.0
4573,,,,,55.0
4574,,,,,9.0
4575,,,,,4.0
4576,,,,,2.0
4577,,,,,1.0
4578,,,,,3.0
4579,,,,,12.0
4580,,,,,28.0
4581,,,,,1.0
4582,,,,,2.0
4583,,,,,2.0
4584,,,,,2.0
4585,,,,,87.0
4586,,,,,2.0
4587,,,,,2.0
4588,,,,,1.0
4589,,,,,3.0
4590,,,,,25.0
4591,,,,,1.0
4592,,,,,23.0
4593,,,,,17.0
4594,,,,,1.0
4595,,,,,2.0
4596,,,,,1.0
4597,,,,,154.0
4598,,,,,1.0
4599,,,,,3.0
4600,,,,,2.0
4601,,,,,1.0
4602,,,,,13.0
4603,,,,,1.0
4604,,,,,4.0
4605,,,,,44.0
4606,,,,,2.0
4607,,,,,41.0
4608,,,,,9.0
4609,,,,,139.0
4610,,,,,8.0
4611,,,,,6.0
4612,,,,,7.0
4613,,,,,4.0
4614,,,,,1.0
4615,,,,,6.0
4616,,,,,7.0
4617,,,,,3.0
4618,,,,,2.0
4619,,,,,5.0
4620,,,,,1.0
4621,,,,,2.0
4622,,,,,1.0
4623,,,,,5.0
4624,,,,,9.0
4625,,,,,27.0
4626,,,,,1.0
4627,,,,,2.0
4628,,,,,1.0
4629,,,,,1.0
4630,,,,,1.0
4631,,,,,1.0
4632,,,,,25.0
4633,,,,,1.0
4634,,,,,1.0
4635,,,,,11.0
4636,,,,,1.0
4637,,,,,2.0
4638,,,,,6.0
4639,,,,,1.0
4640,,,,,28.0
4641,,,,,6.0
4642,,,,,1.0
4643,,,,,7.0
4644,,,,,4.0
4645,,,,,1.0
4646,,,,,1.0
4647,,,,,37.0
4648,,,,,1.0
4649,,,,,1.0
4650,,,,,1.0
4651,,,,,26.0
4652,,,,,9.0
4653,,,,,14.0
4654,,,,,4.0
4655,,,,,5.0
4656,,,,,13.0
4657,,,,,1.0
4658,,,,,20.0
4659,,,,,3.0
4660,,,,,14.0
4661,,,,,1.0
4662,,,,,3.0
4663,,,,,1.0
4664,,,,,10.0
4665,,,,,1.0
4666,,,,,18.0
4667,,,,,1.0
4668,,,,,1.0
4669,,,,,9.0
4670,,,,,3.0
4671,,,,,2.0
4672,,,,,1.0
4673,,,,,2.0
4674,,,,,1.0
4675,,,,,1.0
4676,,,,,1.0
4677,,,,,1.0
4678,,,,,8.0
4679,,,,,2.0
4680,,,,,1.0
4681,,,,,1.0
4682,,,,,1.0
4683,,,,,34.0
4684,,,,,48.0
4685,,,,,2.0
4686,,,,,3.0
4687,,,,,2.0
4688,,,,,1.0
4689,,,,,1.0
4690,,,,,2.0
4691,,,,,1.0
4692,,,,,3.0
4693,,,,,6.0
4694,,,,,12.0
4695,,,,,1.0
4696,,,,,7.0
4697,,,,,1.0
4698,,,,,17.0
4699,,,,,1.0
4700,,,,,1.0
4701,,,,,1.0
4702,,,,,38.0
4703,,,,,87.0
4704,,,,,22.0
4705,,,,,43.0
4706,,,,,22.0
4707,,,,,2.0
4708,,,,,73.0
4709,,,,,15.0
4710,,,,,3.0
4711,,,,,1.0
4712,,,,,60.0
4713,,,,,7.0
4714,,,,,3.0
4715,,,,,3.0
4716,,,,,2.0
4717,,,,,13.0
4718,,,,,2.0
4719,,,,,7.0
4720,,,,,2.0
4721,,,,,1.0
4722,,,,,1.0
4723,,,,,4.0
4724,,,,,1.0
4725,,,,,49.0
4726,,,,,2.0
4727,,,,,9.0
4728,,,,,4.0
4729,,,,,10.0
4730,,,,,1.0
4731,,,,,2.0
4732,,,,,34.0
4733,,,,,38.0
4734,,,,,3.0
4735,,,,,47.0
4736,,,,,2.0
4737,,,,,1.0
4738,,,,,1.0
4739,,,,,3.0
4740,,,,,1.0
4741,,,,,22.0
4742,,,,,2.0
4743,,,,,5.0
4744,,,,,21.0
4745,,,,,1.0
4746,,,,,1.0
4747,,,,,5.0
4748,,,,,2.0
4749,,,,,60.0
4750,,,,,1.0
4751,,,,,2.0
4752,,,,,5.0
4753,,,,,1.0
4754,,,,,23.0
4755,,,,,6.0
4756,,,,,3.0
4757,,,,,52.0
4758,,,,,2.0
4759,,,,,3.0
4760,,,,,8.0
4761,,,,,2.0
4762,,,,,1.0
4763,,,,,2.0
4764,,,,,1.0
4765,,,,,2.0
4766,,,,,11.0
4767,,,,,3.0
4768,,,,,4.0
4769,,,,,5.0
4770,,,,,2.0
4771,,,,,3.0
4772,,,,,58.0
4773,,,,,5.0
4774,,,,,1.0
4775,,,,,6.0
4776,,,,,2.0
4777,,,,,66.0
4778,,,,,1.0
4779,,,,,38.0
4780,,,,,2.0
4781,,,,,22.0
4782,,,,,2.0
4783,,,,,3.0
4784,,,,,73.0
4785,,,,,1.0
4786,,,,,2.0
4787,,,,,3.0
4788,,,,,1.0
4789,,,,,24.0
4790,,,,,40.0
4791,,,,,4.0
4792,,,,,1.0
4793,,,,,51.0
4794,,,,,2.0
4795,,,,,16.0
4796,,,,,49.0
4797,,,,,8.0
4798,,,,,3.0
4799,,,,,4.0
4800,,,,,1.0
4801,,,,,1.0
4802,,,,,3.0
4803,,,,,4.0
4804,,,,,5.0
4805,,,,,1.0
4806,,,,,11.0
4807,,,,,1.0
4808,,,,,18.0
4809,,,,,2.0
4810,,,,,19.0
4811,,,,,1.0
4812,,,,,1.0
4813,,,,,1.0
4814,,,,,1.0
4815,,,,,10.0
4816,,,,,7.0
4817,,,,,2.0
4818,,,,,1.0
4819,,,,,18.0
4820,,,,,10.0
4821,,,,,4.0
4822,,,,,1.0
4823,,,,,43.0
4824,,,,,4.0
4825,,,,,17.0
4826,,,,,2.0
4827,,,,,10.0
4828,,,,,14.0
4829,,,,,36.0
4830,,,,,2.0
4831,,,,,5.0
4832,,,,,2.0
4833,,,,,1.0
4834,,,,,17.0
4835,,,,,1.0
4836,,,,,3.0
4837,,,,,57.0
4838,,,,,3.0
4839,,,,,1.0
4840,,,,,18.0
4841,,,,,1.0
4842,,,,,5.0
4843,,,,,2.0
4844,,,,,2.0
4845,,,,,31.0
4846,,,,,3.0
4847,,,,,7.0
4848,,,,,28.0
4849,,,,,3.0
4850,,,,,2.0
4851,,,,,2.0
4852,,,,,3.0
4853,,,,,1.0
4854,,,,,2.0
4855,,,,,3.0
4856,,,,,2.0
4857,,,,,1.0
4858,,,,,1.0
4859,,,,,4.0
4860,,,,,4.0
4861,,,,,11.0
4862,,,,,1.0
4863,,,,,1.0
4864,,,,,2.0
4865,,,,,1.0
4866,,,,,13.0
4867,,,,,2.0
4868,,,,,4.0
4869,,,,,13.0
4870,,,,,11.0
4871,,,,,2.0
4872,,,,,9.0
4873,,,,,13.0
4874,,,,,59.0
4875,,,,,1.0
4876,,,,,4.0
4877,,,,,1.0
4878,,,,,5.0
4879,,,,,5.0
4880,,,,,2.0
4881,,,,,145.0
4882,,,,,2.0
4883,,,,,48.0
4884,,,,,1.0
4885,,,,,2.0
4886,,,,,2.0
4887,,,,,3.0
4888,,,,,3.0
4889,,,,,1.0
4890,,,,,2.0
4891,,,,,4.0
4892,,,,,6.0
4893,,,,,1.0
4894,,,,,1.0
4895,,,,,2.0
4896,,,,,17.0
4897,,,,,1.0
4898,,,,,4.0
4899,,,,,2.0
4900,,,,,6.0
4901,,,,,1.0
4902,,,,,1.0
4903,,,,,1.0
4904,,,,,7.0
4905,,,,,5.0
4906,,,,,1.0
4907,,,,,2.0
4908,,,,,3.0
4909,,,,,1.0
4910,,,,,2.0
4911,,,,,2.0
4912,,,,,1.0
4913,,,,,30.0
4914,,,,,1.0
4915,,,,,32.0
4916,,,,,8.0
4917,,,,,5.0
4918,,,,,13.0
4919,,,,,3.0
4920,,,,,2.0
4921,,,,,1.0
4922,,,,,3.0
4923,,,,,1.0
4924,,,,,16.0
4925,,,,,1.0
4926,,,,,2.0
4927,,,,,24.0
4928,,,,,61.0
4929,,,,,1.0
4930,,,,,1.0
4931,,,,,1.0
4932,,,,,1.0
4933,,,,,1.0
4934,,,,,1.0
4935,,,,,31.0
4936,,,,,2.0
4937,,,,,1.0
4938,,,,,14.0
4939,,,,,1.0
4940,,,,,1.0
4941,,,,,19.0
4942,,,,,1.0
4943,,,,,6.0
4944,,,,,8.0
4945,,,,,8.0
4946,,,,,24.0
4947,,,,,52.0
4948,,,,,1.0
4949,,,,,1.0
4950,,,,,2.0
4951,,,,,57.0
4952,,,,,2.0
4953,,,,,1.0
4954,,,,,2.0
4955,,,,,14.0
4956,,,,,2.0
4957,,,,,2.0
4958,,,,,1.0
4959,,,,,61.0
4960,,,,,1.0
4961,,,,,1.0
4962,,,,,1.0
4963,,,,,1.0
4964,,,,,2.0
4965,,,,,1.0
4966,,,,,1.0
4967,,,,,38.0
4968,,,,,63.0
4969,,,,,4.0
4970,,,,,1.0
4971,,,,,7.0
4972,,,,,1.0
4973,,,,,36.0
4974,,,,,1.0
4975,,,,,8.0
4976,,,,,7.0
4977,,,,,1.0
4978,,,,,3.0
4979,,,,,1.0
4980,,,,,1.0
4981,,,,,69.0
4982,,,,,1.0
4983,,,,,7.0
4984,,,,,28.0
4985,,,,,3.0
4986,,,,,137.0
4987,,,,,3.0
4988,,,,,107.0
4989,,,,,2.0
4990,,,,,16.0
4991,,,,,1.0
4992,,,,,2.0
4993,,,,,2.0
4994,,,,,2.0
4995,,,,,5.0
4996,,,,,2.0
4997,,,,,2.0
4998,,,,,1.0
4999,,,,,4.0
5000,,,,,1.0
5001,,,,,2.0
5002,,,,,1.0
5003,,,,,134.0
5004,,,,,30.0
5005,,,,,2.0
5006,,,,,2.0
5007,,,,,4.0
5008,,,,,3.0
5009,,,,,1.0
5010,,,,,32.0
5011,,,,,1.0
5012,,,,,4.0
5013,,,,,3.0
5014,,,,,1.0
5015,,,,,27.0
5016,,,,,1.0
5017,,,,,1.0
5018,,,,,1.0
5019,,,,,46.0
5020,,,,,3.0
5021,,,,,1.0
5022,,,,,1.0
5023,,,,,1.0
5024,,,,,1.0
5025,,,,,1.0
5026,,,,,2.0
5027,,,,,1.0
5028,,,,,1.0
5029,,,,,6.0
5030,,,,,1.0
5031,,,,,2.0
5032,,,,,2.0
5033,,,,,3.0
5034,,,,,73.0
5035,,,,,7.0
5036,,,,,1.0
5037,,,,,1.0
5038,,,,,31.0
5039,,,,,1.0
5040,,,,,1.0
5041,,,,,6.0
5042,,,,,1.0
5043,,,,,1.0
5044,,,,,1.0
5045,,,,,1.0
5046,,,,,20.0
5047,,,,,1.0
5048,,,,,1.0
5049,,,,,13.0
5050,,,,,1.0
5051,,,,,1.0
5052,,,,,1.0
5053,,,,,1.0
5054,,,,,1.0
5055,,,,,2.0
5056,,,,,1.0
5057,,,,,1.0
5058,,,,,1.0
5059,,,,,2.0
5060,,,,,2.0
5061,,,,,1.0
5062,,,,,2.0
5063,,,,,4.0
5064,,,,,1.0
5065,,,,,2.0
5066,,,,,1.0
5067,,,,,1.0
5068,,,,,5.0
5069,,,,,1.0
5070,,,,,5.0
5071,,,,,1.0
5072,,,,,1.0
5073,,,,,1.0
5074,,,,,4.0
5075,,,,,1.0
5076,,,,,5.0
5077,,,,,89.0
5078,,,,,1.0
5079,,,,,1.0
5080,,,,,1.0
5081,,,,,1.0
5082,,,,,1.0
5083,,,,,45.0
5084,,,,,2.0
5085,,,,,1.0
5086,,,,,385.0
5087,,,,,1.0
5088,,,,,1.0
5089,,,,,1.0
5090,,,,,7.0
5091,,,,,1.0
5092,,,,,7.0
5093,,,,,1.0
5094,,,,,1.0
5095,,,,,1.0
5096,,,,,36.0
5097,,,,,1.0
5098,,,,,1.0
5099,,,,,1.0
5100,,,,,3.0
5101,,,,,1.0
5102,,,,,1.0
5103,,,,,17.0
5104,,,,,1.0
5105,,,,,5.0
5106,,,,,1.0
5107,,,,,1.0
5108,,,,,1.0
5109,,,,,1.0
5110,,,,,17.0
5111,,,,,1.0
5112,,,,,1.0
5113,,,,,2.0
5114,,,,,1.0
5115,,,,,2.0
5116,,,,,1.0
5117,,,,,1.0
5118,,,,,1.0
5119,,,,,8.0
5120,,,,,2.0
5121,,,,,1.0
5122,,,,,49.0
5123,,,,,1.0
5124,,,,,1.0
5125,,,,,4.0
5126,,,,,1.0
5127,,,,,2.0
5128,,,,,5.0
5129,,,,,1.0
5130,,,,,54.0
5131,,,,,1.0
5132,,,,,17.0
5133,,,,,1.0
5134,,,,,1.0
5135,,,,,20.0
5136,,,,,1.0
5137,,,,,1.0
5138,,,,,5.0
5139,,,,,31.0
5140,,,,,9.0
5141,,,,,1.0
5142,,,,,6.0
5143,,,,,27.0
5144,,,,,10.0
5145,,,,,3.0
5146,,,,,1.0
5147,,,,,2.0
5148,,,,,22.0
5149,,,,,1.0
5150,,,,,1.0
5151,,,,,5.0
5152,,,,,7.0
5153,,,,,3.0
5154,,,,,2.0
5155,,,,,4.0
5156,,,,,2.0
5157,,,,,8.0
5158,,,,,1.0
5159,,,,,7.0
5160,,,,,4.0
5161,,,,,55.0
5162,,,,,15.0
5163,,,,,36.0
5164,,,,,1.0
5165,,,,,2.0
5166,,,,,2.0
5167,,,,,14.0
5168,,,,,1.0
5169,,,,,2.0
5170,,,,,10.0
5171,,,,,1.0
5172,,,,,214.0
5173,,,,,1.0
5174,,,,,1.0
5175,,,,,2.0
5176,,,,,117.0
5177,,,,,1.0
5178,,,,,3.0
5179,,,,,1.0
5180,,,,,1.0
5181,,,,,3.0
5182,,,,,1.0
5183,,,,,1.0
5184,,,,,3.0
5185,,,,,1.0
5186,,,,,4.0
5187,,,,,2.0
5188,,,,,20.0
5189,,,,,7.0
5190,,,,,4.0
5191,,,,,1.0
5192,,,,,1.0
5193,,,,,9.0
5194,,,,,1.0
5195,,,,,1.0
5196,,,,,1.0
5197,,,,,1.0
5198,,,,,2.0
5199,,,,,45.0
5200,,,,,30.0
5201,,,,,1.0
5202,,,,,1.0
5203,,,,,1.0
5204,,,,,61.0
5205,,,,,100.0
5206,,,,,1.0
5207,,,,,73.0
5208,,,,,2.0
5209,,,,,2.0
5210,,,,,5.0
5211,,,,,11.0
5212,,,,,4.0
5213,,,,,1.0
5214,,,,,1.0
5215,,,,,20.0
5216,,,,,1.0
5217,,,,,10.0
5218,,,,,54.0
5219,,,,,2.0
5220,,,,,55.0
5221,,,,,1.0
5222,,,,,1.0
5223,,,,,28.0
5224,,,,,1.0
5225,,,,,1.0
5226,,,,,2.0
5227,,,,,5.0
5228,,,,,1.0
5229,,,,,2.0
5230,,,,,80.0
